SampleName,IndexBarcode1,IndexBarcode2
N7F01S5R17_LAC-01,GGAGTACC,CTTCCAAG
N7F01S5R18_LAC-01,GGAGTACC,CCGCCATT
N7F01S5R19_LAC-01,GGAGTACC,TGCGTAGC
N7F01S5R20_LAC-01,GGAGTACC,AACGCATC
N7F01S5R21_LAC-01,GGAGTACC,AGGCTTGG
N7F01S5R22_LAC-01,GGAGTACC,GACCGATT
N7F01S5R23_LAC-01,GGAGTACC,ATACTCAG
N7F01S5R24_LAC-01,GGAGTACC,ACGCGAAG
N7F01S5R25_LAC-01,GGAGTACC,ACCAAGAG
N7F01S5R26_LAC-01,GGAGTACC,ACCTGCTT
N7F01S5R27_LAC-01,GGAGTACC,ATACGAGC
N7F01S5R28_LAC-01,GGAGTACC,GACTGCGC
N7F02S5R17_LAC-01,GACCTGAG,CTTCCAAG
N7F02S5R18_LAC-01,GACCTGAG,CCGCCATT
N7F02S5R19_LAC-01,GACCTGAG,TGCGTAGC
N7F02S5R20_LAC-01,GACCTGAG,AACGCATC
N7F02S5R21_LAC-01,GACCTGAG,AGGCTTGG
N7F02S5R22_LAC-01,GACCTGAG,GACCGATT
N7F02S5R23_LAC-01,GACCTGAG,ATACTCAG
N7F02S5R24_LAC-01,GACCTGAG,ACGCGAAG
N7F02S5R25_LAC-01,GACCTGAG,ACCAAGAG
N7F02S5R26_LAC-01,GACCTGAG,ACCTGCTT
N7F02S5R27_LAC-01,GACCTGAG,ATACGAGC
N7F02S5R28_LAC-01,GACCTGAG,GACTGCGC
N7F03S5R17_LAC-01,CATATAGT,CTTCCAAG
N7F03S5R18_LAC-01,CATATAGT,CCGCCATT
N7F03S5R19_LAC-01,CATATAGT,TGCGTAGC
N7F03S5R20_LAC-01,CATATAGT,AACGCATC
N7F03S5R21_LAC-01,CATATAGT,AGGCTTGG
N7F03S5R22_LAC-01,CATATAGT,GACCGATT
N7F03S5R23_LAC-01,CATATAGT,ATACTCAG
N7F03S5R24_LAC-01,CATATAGT,ACGCGAAG
N7F03S5R25_LAC-01,CATATAGT,ACCAAGAG
N7F03S5R26_LAC-01,CATATAGT,ACCTGCTT
N7F03S5R27_LAC-01,CATATAGT,ATACGAGC
N7F03S5R28_LAC-01,CATATAGT,GACTGCGC
N7F04S5R17_LAC-01,CGATCTCT,CTTCCAAG
N7F04S5R18_LAC-01,CGATCTCT,CCGCCATT
N7F04S5R19_LAC-01,CGATCTCT,TGCGTAGC
N7F04S5R20_LAC-01,CGATCTCT,AACGCATC
N7F04S5R21_LAC-01,CGATCTCT,AGGCTTGG
N7F04S5R22_LAC-01,CGATCTCT,GACCGATT
N7F04S5R23_LAC-01,CGATCTCT,ATACTCAG
N7F04S5R24_LAC-01,CGATCTCT,ACGCGAAG
N7F04S5R25_LAC-01,CGATCTCT,ACCAAGAG
N7F04S5R26_LAC-01,CGATCTCT,ACCTGCTT
N7F04S5R27_LAC-01,CGATCTCT,ATACGAGC
N7F04S5R28_LAC-01,CGATCTCT,GACTGCGC
N7F05S5R17_LAC-01,GGTCTGGT,CTTCCAAG
N7F05S5R18_LAC-01,GGTCTGGT,CCGCCATT
N7F05S5R19_LAC-01,GGTCTGGT,TGCGTAGC
N7F05S5R20_LAC-01,GGTCTGGT,AACGCATC
N7F05S5R21_LAC-01,GGTCTGGT,AGGCTTGG
N7F05S5R22_LAC-01,GGTCTGGT,GACCGATT
N7F05S5R23_LAC-01,GGTCTGGT,ATACTCAG
N7F05S5R24_LAC-01,GGTCTGGT,ACGCGAAG
N7F05S5R25_LAC-01,GGTCTGGT,ACCAAGAG
N7F05S5R26_LAC-01,GGTCTGGT,ACCTGCTT
N7F05S5R27_LAC-01,GGTCTGGT,ATACGAGC
N7F05S5R28_LAC-01,GGTCTGGT,GACTGCGC
N7F06S5R17_LAC-01,TCTCCAGT,CTTCCAAG
N7F06S5R18_LAC-01,TCTCCAGT,CCGCCATT
N7F06S5R19_LAC-01,TCTCCAGT,TGCGTAGC
N7F06S5R20_LAC-01,TCTCCAGT,AACGCATC
N7F06S5R21_LAC-01,TCTCCAGT,AGGCTTGG
N7F06S5R22_LAC-01,TCTCCAGT,GACCGATT
N7F06S5R23_LAC-01,TCTCCAGT,ATACTCAG
N7F06S5R24_LAC-01,TCTCCAGT,ACGCGAAG
N7F06S5R25_LAC-01,TCTCCAGT,ACCAAGAG
N7F06S5R26_LAC-01,TCTCCAGT,ACCTGCTT
N7F06S5R27_LAC-01,TCTCCAGT,ATACGAGC
N7F06S5R28_LAC-01,TCTCCAGT,GACTGCGC
N7F07S5R17_LAC-01,CATGCCAA,CTTCCAAG
N7F07S5R18_LAC-01,CATGCCAA,CCGCCATT
N7F07S5R19_LAC-01,CATGCCAA,TGCGTAGC
N7F07S5R20_LAC-01,CATGCCAA,AACGCATC
N7F07S5R21_LAC-01,CATGCCAA,AGGCTTGG
N7F07S5R22_LAC-01,CATGCCAA,GACCGATT
N7F07S5R23_LAC-01,CATGCCAA,ATACTCAG
N7F07S5R24_LAC-01,CATGCCAA,ACGCGAAG
N7F07S5R25_LAC-01,CATGCCAA,ACCAAGAG
N7F07S5R26_LAC-01,CATGCCAA,ACCTGCTT
N7F07S5R27_LAC-01,CATGCCAA,ATACGAGC
N7F07S5R28_LAC-01,CATGCCAA,GACTGCGC
N7F08S5R17_LAC-01,GTATCGCG,CTTCCAAG
N7F08S5R18_LAC-01,GTATCGCG,CCGCCATT
N7F08S5R19_LAC-01,GTATCGCG,TGCGTAGC
N7F08S5R20_LAC-01,GTATCGCG,AACGCATC
N7F08S5R21_LAC-01,GTATCGCG,AGGCTTGG
N7F08S5R22_LAC-01,GTATCGCG,GACCGATT
N7F08S5R23_LAC-01,GTATCGCG,ATACTCAG
N7F08S5R24_LAC-01,GTATCGCG,ACGCGAAG
N7F08S5R25_LAC-01,GTATCGCG,ACCAAGAG
N7F08S5R26_LAC-01,GTATCGCG,ACCTGCTT
N7F08S5R27_LAC-01,GTATCGCG,ATACGAGC
N7F08S5R28_LAC-01,GTATCGCG,GACTGCGC
N7F01S5R29_LAC-02,GGAGTACC,AGAAGCGG
N7F01S5R30_LAC-02,GGAGTACC,CAAGTCAA
N7F01S5R31_LAC-02,GGAGTACC,ACGTTGAT
N7F01S5R32_LAC-02,GGAGTACC,AGTATGGA
N7F01S5R33_LAC-02,GGAGTACC,ACGATCGC
N7F01S5R34_LAC-02,GGAGTACC,GATGCCAG
N7F01S5R35_LAC-02,GGAGTACC,CAACGGAC
N7F01S5R36_LAC-02,GGAGTACC,CGCAAGGT
N7F01S5R37_LAC-02,GGAGTACC,AGTTCCGC
N7F01S5R38_LAC-02,GGAGTACC,CGATAGAG
N7F01S5R39_LAC-02,GGAGTACC,ACGACTCG
N7F01S5R40_LAC-02,GGAGTACC,AGATGGTC
N7F02S5R29_LAC-02,GACCTGAG,AGAAGCGG
N7F02S5R30_LAC-02,GACCTGAG,CAAGTCAA
N7F02S5R31_LAC-02,GACCTGAG,ACGTTGAT
N7F02S5R32_LAC-02,GACCTGAG,AGTATGGA
N7F02S5R33_LAC-02,GACCTGAG,ACGATCGC
N7F02S5R34_LAC-02,GACCTGAG,GATGCCAG
N7F02S5R35_LAC-02,GACCTGAG,CAACGGAC
N7F02S5R36_LAC-02,GACCTGAG,CGCAAGGT
N7F02S5R37_LAC-02,GACCTGAG,AGTTCCGC
N7F02S5R38_LAC-02,GACCTGAG,CGATAGAG
N7F02S5R39_LAC-02,GACCTGAG,ACGACTCG
N7F02S5R40_LAC-02,GACCTGAG,AGATGGTC
N7F03S5R29_LAC-02,CATATAGT,AGAAGCGG
N7F03S5R30_LAC-02,CATATAGT,CAAGTCAA
N7F03S5R31_LAC-02,CATATAGT,ACGTTGAT
N7F03S5R32_LAC-02,CATATAGT,AGTATGGA
N7F03S5R33_LAC-02,CATATAGT,ACGATCGC
N7F03S5R34_LAC-02,CATATAGT,GATGCCAG
N7F03S5R35_LAC-02,CATATAGT,CAACGGAC
N7F03S5R36_LAC-02,CATATAGT,CGCAAGGT
N7F03S5R37_LAC-02,CATATAGT,AGTTCCGC
N7F03S5R38_LAC-02,CATATAGT,CGATAGAG
N7F03S5R39_LAC-02,CATATAGT,ACGACTCG
N7F03S5R40_LAC-02,CATATAGT,AGATGGTC
N7F04S5R29_LAC-02,CGATCTCT,AGAAGCGG
N7F04S5R30_LAC-02,CGATCTCT,CAAGTCAA
N7F04S5R31_LAC-02,CGATCTCT,ACGTTGAT
N7F04S5R32_LAC-02,CGATCTCT,AGTATGGA
N7F04S5R33_LAC-02,CGATCTCT,ACGATCGC
N7F04S5R34_LAC-02,CGATCTCT,GATGCCAG
N7F04S5R35_LAC-02,CGATCTCT,CAACGGAC
N7F04S5R36_LAC-02,CGATCTCT,CGCAAGGT
N7F04S5R37_LAC-02,CGATCTCT,AGTTCCGC
N7F04S5R38_LAC-02,CGATCTCT,CGATAGAG
N7F04S5R39_LAC-02,CGATCTCT,ACGACTCG
N7F04S5R40_LAC-02,CGATCTCT,AGATGGTC
N7F05S5R29_LAC-02,GGTCTGGT,AGAAGCGG
N7F05S5R30_LAC-02,GGTCTGGT,CAAGTCAA
N7F05S5R31_LAC-02,GGTCTGGT,ACGTTGAT
N7F05S5R32_LAC-02,GGTCTGGT,AGTATGGA
N7F05S5R33_LAC-02,GGTCTGGT,ACGATCGC
N7F05S5R34_LAC-02,GGTCTGGT,GATGCCAG
N7F05S5R35_LAC-02,GGTCTGGT,CAACGGAC
N7F05S5R36_LAC-02,GGTCTGGT,CGCAAGGT
N7F05S5R37_LAC-02,GGTCTGGT,AGTTCCGC
N7F05S5R38_LAC-02,GGTCTGGT,CGATAGAG
N7F05S5R39_LAC-02,GGTCTGGT,ACGACTCG
N7F05S5R40_LAC-02,GGTCTGGT,AGATGGTC
N7F06S5R29_LAC-02,TCTCCAGT,AGAAGCGG
N7F06S5R30_LAC-02,TCTCCAGT,CAAGTCAA
N7F06S5R31_LAC-02,TCTCCAGT,ACGTTGAT
N7F06S5R32_LAC-02,TCTCCAGT,AGTATGGA
N7F06S5R33_LAC-02,TCTCCAGT,ACGATCGC
N7F06S5R34_LAC-02,TCTCCAGT,GATGCCAG
N7F06S5R35_LAC-02,TCTCCAGT,CAACGGAC
N7F06S5R36_LAC-02,TCTCCAGT,CGCAAGGT
N7F06S5R37_LAC-02,TCTCCAGT,AGTTCCGC
N7F06S5R38_LAC-02,TCTCCAGT,CGATAGAG
N7F06S5R39_LAC-02,TCTCCAGT,ACGACTCG
N7F06S5R40_LAC-02,TCTCCAGT,AGATGGTC
N7F07S5R29_LAC-02,CATGCCAA,AGAAGCGG
N7F07S5R30_LAC-02,CATGCCAA,CAAGTCAA
N7F07S5R31_LAC-02,CATGCCAA,ACGTTGAT
N7F07S5R32_LAC-02,CATGCCAA,AGTATGGA
N7F07S5R33_LAC-02,CATGCCAA,ACGATCGC
N7F07S5R34_LAC-02,CATGCCAA,GATGCCAG
N7F07S5R35_LAC-02,CATGCCAA,CAACGGAC
N7F07S5R36_LAC-02,CATGCCAA,CGCAAGGT
N7F07S5R37_LAC-02,CATGCCAA,AGTTCCGC
N7F07S5R38_LAC-02,CATGCCAA,CGATAGAG
N7F07S5R39_LAC-02,CATGCCAA,ACGACTCG
N7F07S5R40_LAC-02,CATGCCAA,AGATGGTC
N7F08S5R29_LAC-02,GTATCGCG,AGAAGCGG
N7F08S5R30_LAC-02,GTATCGCG,CAAGTCAA
N7F08S5R31_LAC-02,GTATCGCG,ACGTTGAT
N7F08S5R32_LAC-02,GTATCGCG,AGTATGGA
N7F08S5R33_LAC-02,GTATCGCG,ACGATCGC
N7F08S5R34_LAC-02,GTATCGCG,GATGCCAG
N7F08S5R35_LAC-02,GTATCGCG,CAACGGAC
N7F08S5R36_LAC-02,GTATCGCG,CGCAAGGT
N7F08S5R37_LAC-02,GTATCGCG,AGTTCCGC
N7F08S5R38_LAC-02,GTATCGCG,CGATAGAG
N7F08S5R39_LAC-02,GTATCGCG,ACGACTCG
N7F08S5R40_LAC-02,GTATCGCG,AGATGGTC
N7F01S5R49_LAC-04,GGAGTACC,AACCAACG
N7F01S5R50_LAC-04,GGAGTACC,GGTTCGTA
N7F01S5R51_LAC-04,GGAGTACC,AGAACGCT
N7F01S5R52_LAC-04,GGAGTACC,GCCTCGAC
N7F01S5R53_LAC-04,GGAGTACC,CCTAATCT
N7F01S5R54_LAC-04,GGAGTACC,CATACCTC
N7F01S5R55_LAC-04,GGAGTACC,ACCGTCCA
N7F01S5R56_LAC-04,GGAGTACC,TGCGCGAG
N7F01S5R57_LAC-04,GGAGTACC,GTAACGAG
N7F01S5R58_LAC-04,GGAGTACC,TCCGGCGG
N7F01S5R59_LAC-04,GGAGTACC,CAATGCCT
N7F01S5R60_LAC-04,GGAGTACC,AACCGCAA
N7F02S5R49_LAC-04,GACCTGAG,AACCAACG
N7F02S5R50_LAC-04,GACCTGAG,GGTTCGTA
N7F02S5R51_LAC-04,GACCTGAG,AGAACGCT
N7F02S5R52_LAC-04,GACCTGAG,GCCTCGAC
N7F02S5R53_LAC-04,GACCTGAG,CCTAATCT
N7F02S5R54_LAC-04,GACCTGAG,CATACCTC
N7F02S5R55_LAC-04,GACCTGAG,ACCGTCCA
N7F02S5R56_LAC-04,GACCTGAG,TGCGCGAG
N7F02S5R57_LAC-04,GACCTGAG,GTAACGAG
N7F02S5R58_LAC-04,GACCTGAG,TCCGGCGG
N7F02S5R59_LAC-04,GACCTGAG,CAATGCCT
N7F02S5R60_LAC-04,GACCTGAG,AACCGCAA
N7F03S5R49_LAC-04,CATATAGT,AACCAACG
N7F03S5R50_LAC-04,CATATAGT,GGTTCGTA
N7F03S5R51_LAC-04,CATATAGT,AGAACGCT
N7F03S5R52_LAC-04,CATATAGT,GCCTCGAC
N7F03S5R53_LAC-04,CATATAGT,CCTAATCT
N7F03S5R54_LAC-04,CATATAGT,CATACCTC
N7F03S5R55_LAC-04,CATATAGT,ACCGTCCA
N7F03S5R56_LAC-04,CATATAGT,TGCGCGAG
N7F03S5R57_LAC-04,CATATAGT,GTAACGAG
N7F03S5R58_LAC-04,CATATAGT,TCCGGCGG
N7F03S5R59_LAC-04,CATATAGT,CAATGCCT
N7F03S5R60_LAC-04,CATATAGT,AACCGCAA
N7F04S5R49_LAC-04,CGATCTCT,AACCAACG
N7F04S5R50_LAC-04,CGATCTCT,GGTTCGTA
N7F04S5R51_LAC-04,CGATCTCT,AGAACGCT
N7F04S5R52_LAC-04,CGATCTCT,GCCTCGAC
N7F04S5R53_LAC-04,CGATCTCT,CCTAATCT
N7F04S5R54_LAC-04,CGATCTCT,CATACCTC
N7F04S5R55_LAC-04,CGATCTCT,ACCGTCCA
N7F04S5R56_LAC-04,CGATCTCT,TGCGCGAG
N7F04S5R57_LAC-04,CGATCTCT,GTAACGAG
N7F04S5R58_LAC-04,CGATCTCT,TCCGGCGG
N7F04S5R59_LAC-04,CGATCTCT,CAATGCCT
N7F04S5R60_LAC-04,CGATCTCT,AACCGCAA
N7F05S5R49_LAC-04,GGTCTGGT,AACCAACG
N7F05S5R50_LAC-04,GGTCTGGT,GGTTCGTA
N7F05S5R51_LAC-04,GGTCTGGT,AGAACGCT
N7F05S5R52_LAC-04,GGTCTGGT,GCCTCGAC
N7F05S5R53_LAC-04,GGTCTGGT,CCTAATCT
N7F05S5R54_LAC-04,GGTCTGGT,CATACCTC
N7F05S5R55_LAC-04,GGTCTGGT,ACCGTCCA
N7F05S5R56_LAC-04,GGTCTGGT,TGCGCGAG
N7F05S5R57_LAC-04,GGTCTGGT,GTAACGAG
N7F05S5R58_LAC-04,GGTCTGGT,TCCGGCGG
N7F05S5R59_LAC-04,GGTCTGGT,CAATGCCT
N7F05S5R60_LAC-04,GGTCTGGT,AACCGCAA
N7F06S5R49_LAC-04,TCTCCAGT,AACCAACG
N7F06S5R50_LAC-04,TCTCCAGT,GGTTCGTA
N7F06S5R51_LAC-04,TCTCCAGT,AGAACGCT
N7F06S5R52_LAC-04,TCTCCAGT,GCCTCGAC
N7F06S5R53_LAC-04,TCTCCAGT,CCTAATCT
N7F06S5R54_LAC-04,TCTCCAGT,CATACCTC
N7F06S5R55_LAC-04,TCTCCAGT,ACCGTCCA
N7F06S5R56_LAC-04,TCTCCAGT,TGCGCGAG
N7F06S5R57_LAC-04,TCTCCAGT,GTAACGAG
N7F06S5R58_LAC-04,TCTCCAGT,TCCGGCGG
N7F06S5R59_LAC-04,TCTCCAGT,CAATGCCT
N7F06S5R60_LAC-04,TCTCCAGT,AACCGCAA
N7F07S5R49_LAC-04,CATGCCAA,AACCAACG
N7F07S5R50_LAC-04,CATGCCAA,GGTTCGTA
N7F07S5R51_LAC-04,CATGCCAA,AGAACGCT
N7F07S5R52_LAC-04,CATGCCAA,GCCTCGAC
N7F07S5R53_LAC-04,CATGCCAA,CCTAATCT
N7F07S5R54_LAC-04,CATGCCAA,CATACCTC
N7F07S5R55_LAC-04,CATGCCAA,ACCGTCCA
N7F07S5R56_LAC-04,CATGCCAA,TGCGCGAG
N7F07S5R57_LAC-04,CATGCCAA,GTAACGAG
N7F07S5R58_LAC-04,CATGCCAA,TCCGGCGG
N7F07S5R59_LAC-04,CATGCCAA,CAATGCCT
N7F07S5R60_LAC-04,CATGCCAA,AACCGCAA
N7F08S5R49_LAC-04,GTATCGCG,AACCAACG
N7F08S5R50_LAC-04,GTATCGCG,GGTTCGTA
N7F08S5R51_LAC-04,GTATCGCG,AGAACGCT
N7F08S5R52_LAC-04,GTATCGCG,GCCTCGAC
N7F08S5R53_LAC-04,GTATCGCG,CCTAATCT
N7F08S5R54_LAC-04,GTATCGCG,CATACCTC
N7F08S5R55_LAC-04,GTATCGCG,ACCGTCCA
N7F08S5R56_LAC-04,GTATCGCG,TGCGCGAG
N7F08S5R57_LAC-04,GTATCGCG,GTAACGAG
N7F08S5R58_LAC-04,GTATCGCG,TCCGGCGG
N7F08S5R59_LAC-04,GTATCGCG,CAATGCCT
N7F08S5R60_LAC-04,GTATCGCG,AACCGCAA
N7F01S5R61_LAC-07,GGAGTACC,TAATTCGG
N7F01S5R62_LAC-07,GGAGTACC,GCATGGCG
N7F01S5R63_LAC-07,GGAGTACC,AACGACGT
N7F01S5R64_LAC-07,GGAGTACC,AATATCAT
N7F01S5R65_LAC-07,GGAGTACC,CGAAGATT
N7F01S5R66_LAC-07,GGAGTACC,CCAATTGG
N7F01S5R67_LAC-07,GGAGTACC,ACCTCAGG
N7F01S5R68_LAC-07,GGAGTACC,CGTCAGCC
N7F01S5R69_LAC-07,GGAGTACC,AGACCATG
N7F01S5R70_LAC-07,GGAGTACC,AAGCTATA
N7F01S5R71_LAC-07,GGAGTACC,AAGAACCA
N7F01S5R72_LAC-07,GGAGTACC,CAATTATC
N7F02S5R61_LAC-07,GACCTGAG,TAATTCGG
N7F02S5R62_LAC-07,GACCTGAG,GCATGGCG
N7F02S5R63_LAC-07,GACCTGAG,AACGACGT
N7F02S5R64_LAC-07,GACCTGAG,AATATCAT
N7F02S5R65_LAC-07,GACCTGAG,CGAAGATT
N7F02S5R66_LAC-07,GACCTGAG,CCAATTGG
N7F02S5R67_LAC-07,GACCTGAG,ACCTCAGG
N7F02S5R68_LAC-07,GACCTGAG,CGTCAGCC
N7F02S5R69_LAC-07,GACCTGAG,AGACCATG
N7F02S5R70_LAC-07,GACCTGAG,AAGCTATA
N7F02S5R71_LAC-07,GACCTGAG,AAGAACCA
N7F02S5R72_LAC-07,GACCTGAG,CAATTATC
N7F03S5R61_LAC-07,CATATAGT,TAATTCGG
N7F03S5R62_LAC-07,CATATAGT,GCATGGCG
N7F03S5R63_LAC-07,CATATAGT,AACGACGT
N7F03S5R64_LAC-07,CATATAGT,AATATCAT
N7F03S5R65_LAC-07,CATATAGT,CGAAGATT
N7F03S5R66_LAC-07,CATATAGT,CCAATTGG
N7F03S5R67_LAC-07,CATATAGT,ACCTCAGG
N7F03S5R68_LAC-07,CATATAGT,CGTCAGCC
N7F03S5R69_LAC-07,CATATAGT,AGACCATG
N7F03S5R70_LAC-07,CATATAGT,AAGCTATA
N7F03S5R71_LAC-07,CATATAGT,AAGAACCA
N7F03S5R72_LAC-07,CATATAGT,CAATTATC
N7F04S5R61_LAC-07,CGATCTCT,TAATTCGG
N7F04S5R62_LAC-07,CGATCTCT,GCATGGCG
N7F04S5R63_LAC-07,CGATCTCT,AACGACGT
N7F04S5R64_LAC-07,CGATCTCT,AATATCAT
N7F04S5R65_LAC-07,CGATCTCT,CGAAGATT
N7F04S5R66_LAC-07,CGATCTCT,CCAATTGG
N7F04S5R67_LAC-07,CGATCTCT,ACCTCAGG
N7F04S5R68_LAC-07,CGATCTCT,CGTCAGCC
N7F04S5R69_LAC-07,CGATCTCT,AGACCATG
N7F04S5R70_LAC-07,CGATCTCT,AAGCTATA
N7F04S5R71_LAC-07,CGATCTCT,AAGAACCA
N7F04S5R72_LAC-07,CGATCTCT,CAATTATC
N7F05S5R61_LAC-07,GGTCTGGT,TAATTCGG
N7F05S5R62_LAC-07,GGTCTGGT,GCATGGCG
N7F05S5R63_LAC-07,GGTCTGGT,AACGACGT
N7F05S5R64_LAC-07,GGTCTGGT,AATATCAT
N7F05S5R65_LAC-07,GGTCTGGT,CGAAGATT
N7F05S5R66_LAC-07,GGTCTGGT,CCAATTGG
N7F05S5R67_LAC-07,GGTCTGGT,ACCTCAGG
N7F05S5R68_LAC-07,GGTCTGGT,CGTCAGCC
N7F05S5R69_LAC-07,GGTCTGGT,AGACCATG
N7F05S5R70_LAC-07,GGTCTGGT,AAGCTATA
N7F05S5R71_LAC-07,GGTCTGGT,AAGAACCA
N7F05S5R72_LAC-07,GGTCTGGT,CAATTATC
N7F06S5R61_LAC-07,TCTCCAGT,TAATTCGG
N7F06S5R62_LAC-07,TCTCCAGT,GCATGGCG
N7F06S5R63_LAC-07,TCTCCAGT,AACGACGT
N7F06S5R64_LAC-07,TCTCCAGT,AATATCAT
N7F06S5R65_LAC-07,TCTCCAGT,CGAAGATT
N7F06S5R66_LAC-07,TCTCCAGT,CCAATTGG
N7F06S5R67_LAC-07,TCTCCAGT,ACCTCAGG
N7F06S5R68_LAC-07,TCTCCAGT,CGTCAGCC
N7F06S5R69_LAC-07,TCTCCAGT,AGACCATG
N7F06S5R70_LAC-07,TCTCCAGT,AAGCTATA
N7F06S5R71_LAC-07,TCTCCAGT,AAGAACCA
N7F06S5R72_LAC-07,TCTCCAGT,CAATTATC
N7F07S5R61_LAC-07,CATGCCAA,TAATTCGG
N7F07S5R62_LAC-07,CATGCCAA,GCATGGCG
N7F07S5R63_LAC-07,CATGCCAA,AACGACGT
N7F07S5R64_LAC-07,CATGCCAA,AATATCAT
N7F07S5R65_LAC-07,CATGCCAA,CGAAGATT
N7F07S5R66_LAC-07,CATGCCAA,CCAATTGG
N7F07S5R67_LAC-07,CATGCCAA,ACCTCAGG
N7F07S5R68_LAC-07,CATGCCAA,CGTCAGCC
N7F07S5R69_LAC-07,CATGCCAA,AGACCATG
N7F07S5R70_LAC-07,CATGCCAA,AAGCTATA
N7F07S5R71_LAC-07,CATGCCAA,AAGAACCA
N7F07S5R72_LAC-07,CATGCCAA,CAATTATC
N7F08S5R61_LAC-07,GTATCGCG,TAATTCGG
N7F08S5R62_LAC-07,GTATCGCG,GCATGGCG
N7F08S5R63_LAC-07,GTATCGCG,AACGACGT
N7F08S5R64_LAC-07,GTATCGCG,AATATCAT
N7F08S5R65_LAC-07,GTATCGCG,CGAAGATT
N7F08S5R66_LAC-07,GTATCGCG,CCAATTGG
N7F08S5R67_LAC-07,GTATCGCG,ACCTCAGG
N7F08S5R68_LAC-07,GTATCGCG,CGTCAGCC
N7F08S5R69_LAC-07,GTATCGCG,AGACCATG
N7F08S5R70_LAC-07,GTATCGCG,AAGCTATA
N7F08S5R71_LAC-07,GTATCGCG,AAGAACCA
N7F08S5R72_LAC-07,GTATCGCG,CAATTATC
N7F25S5R49_LAC-08,AGTCCATA,AACCAACG
N7F25S5R50_LAC-08,AGTCCATA,GGTTCGTA
N7F25S5R51_LAC-08,AGTCCATA,AGAACGCT
N7F25S5R52_LAC-08,AGTCCATA,GCCTCGAC
N7F25S5R53_LAC-08,AGTCCATA,CCTAATCT
N7F25S5R54_LAC-08,AGTCCATA,CATACCTC
N7F25S5R55_LAC-08,AGTCCATA,ACCGTCCA
N7F25S5R56_LAC-08,AGTCCATA,TGCGCGAG
N7F25S5R57_LAC-08,AGTCCATA,GTAACGAG
N7F25S5R58_LAC-08,AGTCCATA,TCCGGCGG
N7F25S5R59_LAC-08,AGTCCATA,CAATGCCT
N7F25S5R60_LAC-08,AGTCCATA,AACCGCAA
N7F26S5R49_LAC-08,CAACGCTG,AACCAACG
N7F26S5R50_LAC-08,CAACGCTG,GGTTCGTA
N7F26S5R51_LAC-08,CAACGCTG,AGAACGCT
N7F26S5R52_LAC-08,CAACGCTG,GCCTCGAC
N7F26S5R53_LAC-08,CAACGCTG,CCTAATCT
N7F26S5R54_LAC-08,CAACGCTG,CATACCTC
N7F26S5R55_LAC-08,CAACGCTG,ACCGTCCA
N7F26S5R56_LAC-08,CAACGCTG,TGCGCGAG
N7F26S5R57_LAC-08,CAACGCTG,GTAACGAG
N7F26S5R58_LAC-08,CAACGCTG,TCCGGCGG
N7F26S5R59_LAC-08,CAACGCTG,CAATGCCT
N7F26S5R60_LAC-08,CAACGCTG,AACCGCAA
N7F27S5R49_LAC-08,ACTATGGC,AACCAACG
N7F27S5R50_LAC-08,ACTATGGC,GGTTCGTA
N7F27S5R51_LAC-08,ACTATGGC,AGAACGCT
N7F27S5R52_LAC-08,ACTATGGC,GCCTCGAC
N7F27S5R53_LAC-08,ACTATGGC,CCTAATCT
N7F27S5R54_LAC-08,ACTATGGC,CATACCTC
N7F27S5R55_LAC-08,ACTATGGC,ACCGTCCA
N7F27S5R56_LAC-08,ACTATGGC,TGCGCGAG
N7F27S5R57_LAC-08,ACTATGGC,GTAACGAG
N7F27S5R58_LAC-08,ACTATGGC,TCCGGCGG
N7F27S5R59_LAC-08,ACTATGGC,CAATGCCT
N7F27S5R60_LAC-08,ACTATGGC,AACCGCAA
N7F28S5R49_LAC-08,ACTCTCTT,AACCAACG
N7F28S5R50_LAC-08,ACTCTCTT,GGTTCGTA
N7F28S5R51_LAC-08,ACTCTCTT,AGAACGCT
N7F28S5R52_LAC-08,ACTCTCTT,GCCTCGAC
N7F28S5R53_LAC-08,ACTCTCTT,CCTAATCT
N7F28S5R54_LAC-08,ACTCTCTT,CATACCTC
N7F28S5R55_LAC-08,ACTCTCTT,ACCGTCCA
N7F28S5R56_LAC-08,ACTCTCTT,TGCGCGAG
N7F28S5R57_LAC-08,ACTCTCTT,GTAACGAG
N7F28S5R58_LAC-08,ACTCTCTT,TCCGGCGG
N7F28S5R59_LAC-08,ACTCTCTT,CAATGCCT
N7F28S5R60_LAC-08,ACTCTCTT,AACCGCAA
N7F29S5R49_LAC-08,GCGGCGAG,AACCAACG
N7F29S5R50_LAC-08,GCGGCGAG,GGTTCGTA
N7F29S5R51_LAC-08,GCGGCGAG,AGAACGCT
N7F29S5R52_LAC-08,GCGGCGAG,GCCTCGAC
N7F29S5R53_LAC-08,GCGGCGAG,CCTAATCT
N7F29S5R54_LAC-08,GCGGCGAG,CATACCTC
N7F29S5R55_LAC-08,GCGGCGAG,ACCGTCCA
N7F29S5R56_LAC-08,GCGGCGAG,TGCGCGAG
N7F29S5R57_LAC-08,GCGGCGAG,GTAACGAG
N7F29S5R58_LAC-08,GCGGCGAG,TCCGGCGG
N7F29S5R59_LAC-08,GCGGCGAG,CAATGCCT
N7F29S5R60_LAC-08,GCGGCGAG,AACCGCAA
N7F30S5R49_LAC-08,GTCTCTAT,AACCAACG
N7F30S5R50_LAC-08,GTCTCTAT,GGTTCGTA
N7F30S5R51_LAC-08,GTCTCTAT,AGAACGCT
N7F30S5R52_LAC-08,GTCTCTAT,GCCTCGAC
N7F30S5R53_LAC-08,GTCTCTAT,CCTAATCT
N7F30S5R54_LAC-08,GTCTCTAT,CATACCTC
N7F30S5R55_LAC-08,GTCTCTAT,ACCGTCCA
N7F30S5R56_LAC-08,GTCTCTAT,TGCGCGAG
N7F30S5R57_LAC-08,GTCTCTAT,GTAACGAG
N7F30S5R58_LAC-08,GTCTCTAT,TCCGGCGG
N7F30S5R59_LAC-08,GTCTCTAT,CAATGCCT
N7F30S5R60_LAC-08,GTCTCTAT,AACCGCAA
N7F31S5R49_LAC-08,GCTATAAG,AACCAACG
N7F31S5R50_LAC-08,GCTATAAG,GGTTCGTA
N7F31S5R51_LAC-08,GCTATAAG,AGAACGCT
N7F31S5R52_LAC-08,GCTATAAG,GCCTCGAC
N7F31S5R53_LAC-08,GCTATAAG,CCTAATCT
N7F31S5R54_LAC-08,GCTATAAG,CATACCTC
N7F31S5R55_LAC-08,GCTATAAG,ACCGTCCA
N7F31S5R56_LAC-08,GCTATAAG,TGCGCGAG
N7F31S5R57_LAC-08,GCTATAAG,GTAACGAG
N7F31S5R58_LAC-08,GCTATAAG,TCCGGCGG
N7F31S5R59_LAC-08,GCTATAAG,CAATGCCT
N7F31S5R60_LAC-08,GCTATAAG,AACCGCAA
N7F32S5R49_LAC-08,AGTTCCGT,AACCAACG
N7F32S5R50_LAC-08,AGTTCCGT,GGTTCGTA
N7F32S5R51_LAC-08,AGTTCCGT,AGAACGCT
N7F32S5R52_LAC-08,AGTTCCGT,GCCTCGAC
N7F32S5R53_LAC-08,AGTTCCGT,CCTAATCT
N7F32S5R54_LAC-08,AGTTCCGT,CATACCTC
N7F32S5R55_LAC-08,AGTTCCGT,ACCGTCCA
N7F32S5R56_LAC-08,AGTTCCGT,TGCGCGAG
N7F32S5R57_LAC-08,AGTTCCGT,GTAACGAG
N7F32S5R58_LAC-08,AGTTCCGT,TCCGGCGG
N7F32S5R59_LAC-08,AGTTCCGT,CAATGCCT
N7F32S5R60_LAC-08,AGTTCCGT,AACCGCAA
N7F25S5R61_LAC-03,AGTCCATA,TAATTCGG
N7F25S5R62_LAC-03,AGTCCATA,GCATGGCG
N7F25S5R63_LAC-03,AGTCCATA,AACGACGT
N7F25S5R64_LAC-03,AGTCCATA,AATATCAT
N7F25S5R65_LAC-03,AGTCCATA,CGAAGATT
N7F25S5R66_LAC-03,AGTCCATA,CCAATTGG
N7F25S5R67_LAC-03,AGTCCATA,ACCTCAGG
N7F25S5R68_LAC-03,AGTCCATA,CGTCAGCC
N7F25S5R69_LAC-03,AGTCCATA,AGACCATG
N7F25S5R70_LAC-03,AGTCCATA,AAGCTATA
N7F25S5R71_LAC-03,AGTCCATA,AAGAACCA
N7F25S5R72_LAC-03,AGTCCATA,CAATTATC
N7F26S5R61_LAC-03,CAACGCTG,TAATTCGG
N7F26S5R62_LAC-03,CAACGCTG,GCATGGCG
N7F26S5R63_LAC-03,CAACGCTG,AACGACGT
N7F26S5R64_LAC-03,CAACGCTG,AATATCAT
N7F26S5R65_LAC-03,CAACGCTG,CGAAGATT
N7F26S5R66_LAC-03,CAACGCTG,CCAATTGG
N7F26S5R67_LAC-03,CAACGCTG,ACCTCAGG
N7F26S5R68_LAC-03,CAACGCTG,CGTCAGCC
N7F26S5R69_LAC-03,CAACGCTG,AGACCATG
N7F26S5R70_LAC-03,CAACGCTG,AAGCTATA
N7F26S5R71_LAC-03,CAACGCTG,AAGAACCA
N7F26S5R72_LAC-03,CAACGCTG,CAATTATC
N7F27S5R61_LAC-03,ACTATGGC,TAATTCGG
N7F27S5R62_LAC-03,ACTATGGC,GCATGGCG
N7F27S5R63_LAC-03,ACTATGGC,AACGACGT
N7F27S5R64_LAC-03,ACTATGGC,AATATCAT
N7F27S5R65_LAC-03,ACTATGGC,CGAAGATT
N7F27S5R66_LAC-03,ACTATGGC,CCAATTGG
N7F27S5R67_LAC-03,ACTATGGC,ACCTCAGG
N7F27S5R68_LAC-03,ACTATGGC,CGTCAGCC
N7F27S5R69_LAC-03,ACTATGGC,AGACCATG
N7F27S5R70_LAC-03,ACTATGGC,AAGCTATA
N7F27S5R71_LAC-03,ACTATGGC,AAGAACCA
N7F27S5R72_LAC-03,ACTATGGC,CAATTATC
N7F28S5R61_LAC-03,ACTCTCTT,TAATTCGG
N7F28S5R62_LAC-03,ACTCTCTT,GCATGGCG
N7F28S5R63_LAC-03,ACTCTCTT,AACGACGT
N7F28S5R64_LAC-03,ACTCTCTT,AATATCAT
N7F28S5R65_LAC-03,ACTCTCTT,CGAAGATT
N7F28S5R66_LAC-03,ACTCTCTT,CCAATTGG
N7F28S5R67_LAC-03,ACTCTCTT,ACCTCAGG
N7F28S5R68_LAC-03,ACTCTCTT,CGTCAGCC
N7F28S5R69_LAC-03,ACTCTCTT,AGACCATG
N7F28S5R70_LAC-03,ACTCTCTT,AAGCTATA
N7F28S5R71_LAC-03,ACTCTCTT,AAGAACCA
N7F28S5R72_LAC-03,ACTCTCTT,CAATTATC
N7F29S5R61_LAC-03,GCGGCGAG,TAATTCGG
N7F29S5R62_LAC-03,GCGGCGAG,GCATGGCG
N7F29S5R63_LAC-03,GCGGCGAG,AACGACGT
N7F29S5R64_LAC-03,GCGGCGAG,AATATCAT
N7F29S5R65_LAC-03,GCGGCGAG,CGAAGATT
N7F29S5R66_LAC-03,GCGGCGAG,CCAATTGG
N7F29S5R67_LAC-03,GCGGCGAG,ACCTCAGG
N7F29S5R68_LAC-03,GCGGCGAG,CGTCAGCC
N7F29S5R69_LAC-03,GCGGCGAG,AGACCATG
N7F29S5R70_LAC-03,GCGGCGAG,AAGCTATA
N7F29S5R71_LAC-03,GCGGCGAG,AAGAACCA
N7F29S5R72_LAC-03,GCGGCGAG,CAATTATC
N7F30S5R61_LAC-03,GTCTCTAT,TAATTCGG
N7F30S5R62_LAC-03,GTCTCTAT,GCATGGCG
N7F30S5R63_LAC-03,GTCTCTAT,AACGACGT
N7F30S5R64_LAC-03,GTCTCTAT,AATATCAT
N7F30S5R65_LAC-03,GTCTCTAT,CGAAGATT
N7F30S5R66_LAC-03,GTCTCTAT,CCAATTGG
N7F30S5R67_LAC-03,GTCTCTAT,ACCTCAGG
N7F30S5R68_LAC-03,GTCTCTAT,CGTCAGCC
N7F30S5R69_LAC-03,GTCTCTAT,AGACCATG
N7F30S5R70_LAC-03,GTCTCTAT,AAGCTATA
N7F30S5R71_LAC-03,GTCTCTAT,AAGAACCA
N7F30S5R72_LAC-03,GTCTCTAT,CAATTATC
N7F31S5R61_LAC-03,GCTATAAG,TAATTCGG
N7F31S5R62_LAC-03,GCTATAAG,GCATGGCG
N7F31S5R63_LAC-03,GCTATAAG,AACGACGT
N7F31S5R64_LAC-03,GCTATAAG,AATATCAT
N7F31S5R65_LAC-03,GCTATAAG,CGAAGATT
N7F31S5R66_LAC-03,GCTATAAG,CCAATTGG
N7F31S5R67_LAC-03,GCTATAAG,ACCTCAGG
N7F31S5R68_LAC-03,GCTATAAG,CGTCAGCC
N7F31S5R69_LAC-03,GCTATAAG,AGACCATG
N7F31S5R70_LAC-03,GCTATAAG,AAGCTATA
N7F31S5R71_LAC-03,GCTATAAG,AAGAACCA
N7F31S5R72_LAC-03,GCTATAAG,CAATTATC
N7F32S5R61_LAC-03,AGTTCCGT,TAATTCGG
N7F32S5R62_LAC-03,AGTTCCGT,GCATGGCG
N7F32S5R63_LAC-03,AGTTCCGT,AACGACGT
N7F32S5R64_LAC-03,AGTTCCGT,AATATCAT
N7F32S5R65_LAC-03,AGTTCCGT,CGAAGATT
N7F32S5R66_LAC-03,AGTTCCGT,CCAATTGG
N7F32S5R67_LAC-03,AGTTCCGT,ACCTCAGG
N7F32S5R68_LAC-03,AGTTCCGT,CGTCAGCC
N7F32S5R69_LAC-03,AGTTCCGT,AGACCATG
N7F32S5R70_LAC-03,AGTTCCGT,AAGCTATA
N7F32S5R71_LAC-03,AGTTCCGT,AAGAACCA
N7F32S5R72_LAC-03,AGTTCCGT,CAATTATC
N7F33S5R17_BL-01,AATTACTA,CTTCCAAG
N7F33S5R18_BL-01,AATTACTA,CCGCCATT
N7F33S5R19_BL-01,AATTACTA,TGCGTAGC
N7F33S5R20_BL-01,AATTACTA,AACGCATC
N7F33S5R21_BL-01,AATTACTA,AGGCTTGG
N7F33S5R22_BL-01,AATTACTA,GACCGATT
N7F33S5R23_BL-01,AATTACTA,ATACTCAG
N7F33S5R24_BL-01,AATTACTA,ACGCGAAG
N7F33S5R25_BL-01,AATTACTA,ACCAAGAG
N7F33S5R26_BL-01,AATTACTA,ACCTGCTT
N7F33S5R27_BL-01,AATTACTA,ATACGAGC
N7F33S5R28_BL-01,AATTACTA,GACTGCGC
N7F34S5R17_BL-01,TCCTTCAA,CTTCCAAG
N7F34S5R18_BL-01,TCCTTCAA,CCGCCATT
N7F34S5R19_BL-01,TCCTTCAA,TGCGTAGC
N7F34S5R20_BL-01,TCCTTCAA,AACGCATC
N7F34S5R21_BL-01,TCCTTCAA,AGGCTTGG
N7F34S5R22_BL-01,TCCTTCAA,GACCGATT
N7F34S5R23_BL-01,TCCTTCAA,ATACTCAG
N7F34S5R24_BL-01,TCCTTCAA,ACGCGAAG
N7F34S5R25_BL-01,TCCTTCAA,ACCAAGAG
N7F34S5R26_BL-01,TCCTTCAA,ACCTGCTT
N7F34S5R27_BL-01,TCCTTCAA,ATACGAGC
N7F34S5R28_BL-01,TCCTTCAA,GACTGCGC
N7F35S5R17_BL-01,ATACTGCT,CTTCCAAG
N7F35S5R18_BL-01,ATACTGCT,CCGCCATT
N7F35S5R19_BL-01,ATACTGCT,TGCGTAGC
N7F35S5R20_BL-01,ATACTGCT,AACGCATC
N7F35S5R21_BL-01,ATACTGCT,AGGCTTGG
N7F35S5R22_BL-01,ATACTGCT,GACCGATT
N7F35S5R23_BL-01,ATACTGCT,ATACTCAG
N7F35S5R24_BL-01,ATACTGCT,ACGCGAAG
N7F35S5R25_BL-01,ATACTGCT,ACCAAGAG
N7F35S5R26_BL-01,ATACTGCT,ACCTGCTT
N7F35S5R27_BL-01,ATACTGCT,ATACGAGC
N7F35S5R28_BL-01,ATACTGCT,GACTGCGC
N7F36S5R17_BL-01,GCGTATGG,CTTCCAAG
N7F36S5R18_BL-01,GCGTATGG,CCGCCATT
N7F36S5R19_BL-01,GCGTATGG,TGCGTAGC
N7F36S5R20_BL-01,GCGTATGG,AACGCATC
N7F36S5R21_BL-01,GCGTATGG,AGGCTTGG
N7F36S5R22_BL-01,GCGTATGG,GACCGATT
N7F36S5R23_BL-01,GCGTATGG,ATACTCAG
N7F36S5R24_BL-01,GCGTATGG,ACGCGAAG
N7F36S5R25_BL-01,GCGTATGG,ACCAAGAG
N7F36S5R26_BL-01,GCGTATGG,ACCTGCTT
N7F36S5R27_BL-01,GCGTATGG,ATACGAGC
N7F36S5R28_BL-01,GCGTATGG,GACTGCGC
N7F37S5R17_BL-01,GGACCAAT,CTTCCAAG
N7F37S5R18_BL-01,GGACCAAT,CCGCCATT
N7F37S5R19_BL-01,GGACCAAT,TGCGTAGC
N7F37S5R20_BL-01,GGACCAAT,AACGCATC
N7F37S5R21_BL-01,GGACCAAT,AGGCTTGG
N7F37S5R22_BL-01,GGACCAAT,GACCGATT
N7F37S5R23_BL-01,GGACCAAT,ATACTCAG
N7F37S5R24_BL-01,GGACCAAT,ACGCGAAG
N7F37S5R25_BL-01,GGACCAAT,ACCAAGAG
N7F37S5R26_BL-01,GGACCAAT,ACCTGCTT
N7F37S5R27_BL-01,GGACCAAT,ATACGAGC
N7F37S5R28_BL-01,GGACCAAT,GACTGCGC
N7F38S5R17_BL-01,TTATATGC,CTTCCAAG
N7F38S5R18_BL-01,TTATATGC,CCGCCATT
N7F38S5R19_BL-01,TTATATGC,TGCGTAGC
N7F38S5R20_BL-01,TTATATGC,AACGCATC
N7F38S5R21_BL-01,TTATATGC,AGGCTTGG
N7F38S5R22_BL-01,TTATATGC,GACCGATT
N7F38S5R23_BL-01,TTATATGC,ATACTCAG
N7F38S5R24_BL-01,TTATATGC,ACGCGAAG
N7F38S5R25_BL-01,TTATATGC,ACCAAGAG
N7F38S5R26_BL-01,TTATATGC,ACCTGCTT
N7F38S5R27_BL-01,TTATATGC,ATACGAGC
N7F38S5R28_BL-01,TTATATGC,GACTGCGC
N7F39S5R17_BL-01,TAGAGGAA,CTTCCAAG
N7F39S5R18_BL-01,TAGAGGAA,CCGCCATT
N7F39S5R19_BL-01,TAGAGGAA,TGCGTAGC
N7F39S5R20_BL-01,TAGAGGAA,AACGCATC
N7F39S5R21_BL-01,TAGAGGAA,AGGCTTGG
N7F39S5R22_BL-01,TAGAGGAA,GACCGATT
N7F39S5R23_BL-01,TAGAGGAA,ATACTCAG
N7F39S5R24_BL-01,TAGAGGAA,ACGCGAAG
N7F39S5R25_BL-01,TAGAGGAA,ACCAAGAG
N7F39S5R26_BL-01,TAGAGGAA,ACCTGCTT
N7F39S5R27_BL-01,TAGAGGAA,ATACGAGC
N7F39S5R28_BL-01,TAGAGGAA,GACTGCGC
N7F40S5R17_BL-01,TGACGCAA,CTTCCAAG
N7F40S5R18_BL-01,TGACGCAA,CCGCCATT
N7F40S5R19_BL-01,TGACGCAA,TGCGTAGC
N7F40S5R20_BL-01,TGACGCAA,AACGCATC
N7F40S5R21_BL-01,TGACGCAA,AGGCTTGG
N7F40S5R22_BL-01,TGACGCAA,GACCGATT
N7F40S5R23_BL-01,TGACGCAA,ATACTCAG
N7F40S5R24_BL-01,TGACGCAA,ACGCGAAG
N7F40S5R25_BL-01,TGACGCAA,ACCAAGAG
N7F40S5R26_BL-01,TGACGCAA,ACCTGCTT
N7F40S5R27_BL-01,TGACGCAA,ATACGAGC
N7F40S5R28_BL-01,TGACGCAA,GACTGCGC
N7F33S5R29_GA-13,AATTACTA,AGAAGCGG
N7F33S5R30_GA-13,AATTACTA,CAAGTCAA
N7F33S5R31_GA-13,AATTACTA,ACGTTGAT
N7F33S5R32_GA-13,AATTACTA,AGTATGGA
N7F33S5R33_GA-13,AATTACTA,ACGATCGC
N7F33S5R34_GA-13,AATTACTA,GATGCCAG
N7F33S5R35_GA-13,AATTACTA,CAACGGAC
N7F33S5R36_GA-13,AATTACTA,CGCAAGGT
N7F33S5R37_GA-13,AATTACTA,AGTTCCGC
N7F33S5R38_GA-13,AATTACTA,CGATAGAG
N7F33S5R39_GA-13,AATTACTA,ACGACTCG
N7F33S5R40_GA-13,AATTACTA,AGATGGTC
N7F34S5R29_GA-13,TCCTTCAA,AGAAGCGG
N7F34S5R30_GA-13,TCCTTCAA,CAAGTCAA
N7F34S5R31_GA-13,TCCTTCAA,ACGTTGAT
N7F34S5R32_GA-13,TCCTTCAA,AGTATGGA
N7F34S5R33_GA-13,TCCTTCAA,ACGATCGC
N7F34S5R34_GA-13,TCCTTCAA,GATGCCAG
N7F34S5R35_GA-13,TCCTTCAA,CAACGGAC
N7F34S5R36_GA-13,TCCTTCAA,CGCAAGGT
N7F34S5R37_GA-13,TCCTTCAA,AGTTCCGC
N7F34S5R38_GA-13,TCCTTCAA,CGATAGAG
N7F34S5R39_GA-13,TCCTTCAA,ACGACTCG
N7F34S5R40_GA-13,TCCTTCAA,AGATGGTC
N7F35S5R29_GA-13,ATACTGCT,AGAAGCGG
N7F35S5R30_GA-13,ATACTGCT,CAAGTCAA
N7F35S5R31_GA-13,ATACTGCT,ACGTTGAT
N7F35S5R32_GA-13,ATACTGCT,AGTATGGA
N7F35S5R33_GA-13,ATACTGCT,ACGATCGC
N7F35S5R34_GA-13,ATACTGCT,GATGCCAG
N7F35S5R35_GA-13,ATACTGCT,CAACGGAC
N7F35S5R36_GA-13,ATACTGCT,CGCAAGGT
N7F35S5R37_GA-13,ATACTGCT,AGTTCCGC
N7F35S5R38_GA-13,ATACTGCT,CGATAGAG
N7F35S5R39_GA-13,ATACTGCT,ACGACTCG
N7F35S5R40_GA-13,ATACTGCT,AGATGGTC
N7F36S5R29_GA-13,GCGTATGG,AGAAGCGG
N7F36S5R30_GA-13,GCGTATGG,CAAGTCAA
N7F36S5R31_GA-13,GCGTATGG,ACGTTGAT
N7F36S5R32_GA-13,GCGTATGG,AGTATGGA
N7F36S5R33_GA-13,GCGTATGG,ACGATCGC
N7F36S5R34_GA-13,GCGTATGG,GATGCCAG
N7F36S5R35_GA-13,GCGTATGG,CAACGGAC
N7F36S5R36_GA-13,GCGTATGG,CGCAAGGT
N7F36S5R37_GA-13,GCGTATGG,AGTTCCGC
N7F36S5R38_GA-13,GCGTATGG,CGATAGAG
N7F36S5R39_GA-13,GCGTATGG,ACGACTCG
N7F36S5R40_GA-13,GCGTATGG,AGATGGTC
N7F37S5R29_GA-13,GGACCAAT,AGAAGCGG
N7F37S5R30_GA-13,GGACCAAT,CAAGTCAA
N7F37S5R31_GA-13,GGACCAAT,ACGTTGAT
N7F37S5R32_GA-13,GGACCAAT,AGTATGGA
N7F37S5R33_GA-13,GGACCAAT,ACGATCGC
N7F37S5R34_GA-13,GGACCAAT,GATGCCAG
N7F37S5R35_GA-13,GGACCAAT,CAACGGAC
N7F37S5R36_GA-13,GGACCAAT,CGCAAGGT
N7F37S5R37_GA-13,GGACCAAT,AGTTCCGC
N7F37S5R38_GA-13,GGACCAAT,CGATAGAG
N7F37S5R39_GA-13,GGACCAAT,ACGACTCG
N7F37S5R40_GA-13,GGACCAAT,AGATGGTC
N7F38S5R29_GA-13,TTATATGC,AGAAGCGG
N7F38S5R30_GA-13,TTATATGC,CAAGTCAA
N7F38S5R31_GA-13,TTATATGC,ACGTTGAT
N7F38S5R32_GA-13,TTATATGC,AGTATGGA
N7F38S5R33_GA-13,TTATATGC,ACGATCGC
N7F38S5R34_GA-13,TTATATGC,GATGCCAG
N7F38S5R35_GA-13,TTATATGC,CAACGGAC
N7F38S5R36_GA-13,TTATATGC,CGCAAGGT
N7F38S5R37_GA-13,TTATATGC,AGTTCCGC
N7F38S5R38_GA-13,TTATATGC,CGATAGAG
N7F38S5R39_GA-13,TTATATGC,ACGACTCG
N7F38S5R40_GA-13,TTATATGC,AGATGGTC
N7F39S5R29_GA-13,TAGAGGAA,AGAAGCGG
N7F39S5R30_GA-13,TAGAGGAA,CAAGTCAA
N7F39S5R31_GA-13,TAGAGGAA,ACGTTGAT
N7F39S5R32_GA-13,TAGAGGAA,AGTATGGA
N7F39S5R33_GA-13,TAGAGGAA,ACGATCGC
N7F39S5R34_GA-13,TAGAGGAA,GATGCCAG
N7F39S5R35_GA-13,TAGAGGAA,CAACGGAC
N7F39S5R36_GA-13,TAGAGGAA,CGCAAGGT
N7F39S5R37_GA-13,TAGAGGAA,AGTTCCGC
N7F39S5R38_GA-13,TAGAGGAA,CGATAGAG
N7F39S5R39_GA-13,TAGAGGAA,ACGACTCG
N7F39S5R40_GA-13,TAGAGGAA,AGATGGTC
N7F40S5R29_GA-13,TGACGCAA,AGAAGCGG
N7F40S5R30_GA-13,TGACGCAA,CAAGTCAA
N7F40S5R31_GA-13,TGACGCAA,ACGTTGAT
N7F40S5R32_GA-13,TGACGCAA,AGTATGGA
N7F40S5R33_GA-13,TGACGCAA,ACGATCGC
N7F40S5R34_GA-13,TGACGCAA,GATGCCAG
N7F40S5R35_GA-13,TGACGCAA,CAACGGAC
N7F40S5R36_GA-13,TGACGCAA,CGCAAGGT
N7F40S5R37_GA-13,TGACGCAA,AGTTCCGC
N7F40S5R38_GA-13,TGACGCAA,CGATAGAG
N7F40S5R39_GA-13,TGACGCAA,ACGACTCG
N7F40S5R40_GA-13,TGACGCAA,AGATGGTC
N7F41S5R25_X03,ATGGTTGG,ACCAAGAG
N7F41S5R26_X03,ATGGTTGG,ACCTGCTT
N7F41S5R27_X03,ATGGTTGG,ATACGAGC
N7F41S5R28_X03,ATGGTTGG,GACTGCGC
N7F41S5R29_X03,ATGGTTGG,AGAAGCGG
N7F41S5R30_X03,ATGGTTGG,CAAGTCAA
N7F41S5R31_X03,ATGGTTGG,ACGTTGAT
N7F41S5R32_X03,ATGGTTGG,AGTATGGA
N7F41S5R33_X03,ATGGTTGG,ACGATCGC
N7F41S5R34_X03,ATGGTTGG,GATGCCAG
N7F41S5R35_X03,ATGGTTGG,CAACGGAC
N7F41S5R36_X03,ATGGTTGG,CGCAAGGT
N7F42S5R25_X03,TTCCTCGG,ACCAAGAG
N7F42S5R26_X03,TTCCTCGG,ACCTGCTT
N7F42S5R27_X03,TTCCTCGG,ATACGAGC
N7F42S5R28_X03,TTCCTCGG,GACTGCGC
N7F42S5R29_X03,TTCCTCGG,AGAAGCGG
N7F42S5R30_X03,TTCCTCGG,CAAGTCAA
N7F42S5R31_X03,TTCCTCGG,ACGTTGAT
N7F42S5R32_X03,TTCCTCGG,AGTATGGA
N7F42S5R33_X03,TTCCTCGG,ACGATCGC
N7F42S5R34_X03,TTCCTCGG,GATGCCAG
N7F42S5R35_X03,TTCCTCGG,CAACGGAC
N7F42S5R36_X03,TTCCTCGG,CGCAAGGT
N7F43S5R25_X03,CGGAGATG,ACCAAGAG
N7F43S5R26_X03,CGGAGATG,ACCTGCTT
N7F43S5R27_X03,CGGAGATG,ATACGAGC
N7F43S5R28_X03,CGGAGATG,GACTGCGC
N7F43S5R29_X03,CGGAGATG,AGAAGCGG
N7F43S5R30_X03,CGGAGATG,CAAGTCAA
N7F43S5R31_X03,CGGAGATG,ACGTTGAT
N7F43S5R32_X03,CGGAGATG,AGTATGGA
N7F43S5R33_X03,CGGAGATG,ACGATCGC
N7F43S5R34_X03,CGGAGATG,GATGCCAG
N7F43S5R35_X03,CGGAGATG,CAACGGAC
N7F43S5R36_X03,CGGAGATG,CGCAAGGT
N7F44S5R25_X03,AACTCTTG,ACCAAGAG
N7F44S5R26_X03,AACTCTTG,ACCTGCTT
N7F44S5R27_X03,AACTCTTG,ATACGAGC
N7F44S5R28_X03,AACTCTTG,GACTGCGC
N7F44S5R29_X03,AACTCTTG,AGAAGCGG
N7F44S5R30_X03,AACTCTTG,CAAGTCAA
N7F44S5R31_X03,AACTCTTG,ACGTTGAT
N7F44S5R32_X03,AACTCTTG,AGTATGGA
N7F44S5R33_X03,AACTCTTG,ACGATCGC
N7F44S5R34_X03,AACTCTTG,GATGCCAG
N7F44S5R35_X03,AACTCTTG,CAACGGAC
N7F44S5R36_X03,AACTCTTG,CGCAAGGT
N7F45S5R25_X03,ACCGACTG,ACCAAGAG
N7F45S5R26_X03,ACCGACTG,ACCTGCTT
N7F45S5R27_X03,ACCGACTG,ATACGAGC
N7F45S5R28_X03,ACCGACTG,GACTGCGC
N7F45S5R29_X03,ACCGACTG,AGAAGCGG
N7F45S5R30_X03,ACCGACTG,CAAGTCAA
N7F45S5R31_X03,ACCGACTG,ACGTTGAT
N7F45S5R32_X03,ACCGACTG,AGTATGGA
N7F45S5R33_X03,ACCGACTG,ACGATCGC
N7F45S5R34_X03,ACCGACTG,GATGCCAG
N7F45S5R35_X03,ACCGACTG,CAACGGAC
N7F45S5R36_X03,ACCGACTG,CGCAAGGT
N7F46S5R25_X03,GTAAGGAC,ACCAAGAG
N7F46S5R26_X03,GTAAGGAC,ACCTGCTT
N7F46S5R27_X03,GTAAGGAC,ATACGAGC
N7F46S5R28_X03,GTAAGGAC,GACTGCGC
N7F46S5R29_X03,GTAAGGAC,AGAAGCGG
N7F46S5R30_X03,GTAAGGAC,CAAGTCAA
N7F46S5R31_X03,GTAAGGAC,ACGTTGAT
N7F46S5R32_X03,GTAAGGAC,AGTATGGA
N7F46S5R33_X03,GTAAGGAC,ACGATCGC
N7F46S5R34_X03,GTAAGGAC,GATGCCAG
N7F46S5R35_X03,GTAAGGAC,CAACGGAC
N7F46S5R36_X03,GTAAGGAC,CGCAAGGT
N7F47S5R25_X03,GCAACTTC,ACCAAGAG
N7F47S5R26_X03,GCAACTTC,ACCTGCTT
N7F47S5R27_X03,GCAACTTC,ATACGAGC
N7F47S5R28_X03,GCAACTTC,GACTGCGC
N7F47S5R29_X03,GCAACTTC,AGAAGCGG
N7F47S5R30_X03,GCAACTTC,CAAGTCAA
N7F47S5R31_X03,GCAACTTC,ACGTTGAT
N7F47S5R32_X03,GCAACTTC,AGTATGGA
N7F47S5R33_X03,GCAACTTC,ACGATCGC
N7F47S5R34_X03,GCAACTTC,GATGCCAG
N7F47S5R35_X03,GCAACTTC,CAACGGAC
N7F47S5R36_X03,GCAACTTC,CGCAAGGT
N7F48S5R25_X03,CTCTGATA,ACCAAGAG
N7F48S5R26_X03,CTCTGATA,ACCTGCTT
N7F48S5R27_X03,CTCTGATA,ATACGAGC
N7F48S5R28_X03,CTCTGATA,GACTGCGC
N7F48S5R29_X03,CTCTGATA,AGAAGCGG
N7F48S5R30_X03,CTCTGATA,CAAGTCAA
N7F48S5R31_X03,CTCTGATA,ACGTTGAT
N7F48S5R32_X03,CTCTGATA,AGTATGGA
N7F48S5R33_X03,CTCTGATA,ACGATCGC
N7F48S5R34_X03,CTCTGATA,GATGCCAG
N7F48S5R35_X03,CTCTGATA,CAACGGAC
N7F48S5R36_X03,CTCTGATA,CGCAAGGT
N7F41S5R37_X02,ATGGTTGG,AGTTCCGC
N7F41S5R38_X02,ATGGTTGG,CGATAGAG
N7F41S5R39_X02,ATGGTTGG,ACGACTCG
N7F41S5R40_X02,ATGGTTGG,AGATGGTC
N7F41S5R41_X02,ATGGTTGG,GGTCAAGT
N7F41S5R42_X02,ATGGTTGG,CGGCTCTC
N7F41S5R43_X02,ATGGTTGG,AATCCGTT
N7F41S5R44_X02,ATGGTTGG,CTCGTATT
N7F41S5R45_X02,ATGGTTGG,AGCAACTC
N7F41S5R46_X02,ATGGTTGG,GTCTAACC
N7F41S5R47_X02,ATGGTTGG,AAGTCCTG
N7F41S5R48_X02,ATGGTTGG,CATTCTAA
N7F42S5R37_X02,TTCCTCGG,AGTTCCGC
N7F42S5R38_X02,TTCCTCGG,CGATAGAG
N7F42S5R39_X02,TTCCTCGG,ACGACTCG
N7F42S5R40_X02,TTCCTCGG,AGATGGTC
N7F42S5R41_X02,TTCCTCGG,GGTCAAGT
N7F42S5R42_X02,TTCCTCGG,CGGCTCTC
N7F42S5R43_X02,TTCCTCGG,AATCCGTT
N7F42S5R44_X02,TTCCTCGG,CTCGTATT
N7F42S5R45_X02,TTCCTCGG,AGCAACTC
N7F42S5R46_X02,TTCCTCGG,GTCTAACC
N7F42S5R47_X02,TTCCTCGG,AAGTCCTG
N7F42S5R48_X02,TTCCTCGG,CATTCTAA
N7F43S5R37_X02,CGGAGATG,AGTTCCGC
N7F43S5R38_X02,CGGAGATG,CGATAGAG
N7F43S5R39_X02,CGGAGATG,ACGACTCG
N7F43S5R40_X02,CGGAGATG,AGATGGTC
N7F43S5R41_X02,CGGAGATG,GGTCAAGT
N7F43S5R42_X02,CGGAGATG,CGGCTCTC
N7F43S5R43_X02,CGGAGATG,AATCCGTT
N7F43S5R44_X02,CGGAGATG,CTCGTATT
N7F43S5R45_X02,CGGAGATG,AGCAACTC
N7F43S5R46_X02,CGGAGATG,GTCTAACC
N7F43S5R47_X02,CGGAGATG,AAGTCCTG
N7F43S5R48_X02,CGGAGATG,CATTCTAA
N7F44S5R37_X02,AACTCTTG,AGTTCCGC
N7F44S5R38_X02,AACTCTTG,CGATAGAG
N7F44S5R39_X02,AACTCTTG,ACGACTCG
N7F44S5R40_X02,AACTCTTG,AGATGGTC
N7F44S5R41_X02,AACTCTTG,GGTCAAGT
N7F44S5R42_X02,AACTCTTG,CGGCTCTC
N7F44S5R43_X02,AACTCTTG,AATCCGTT
N7F44S5R44_X02,AACTCTTG,CTCGTATT
N7F44S5R45_X02,AACTCTTG,AGCAACTC
N7F44S5R46_X02,AACTCTTG,GTCTAACC
N7F44S5R47_X02,AACTCTTG,AAGTCCTG
N7F44S5R48_X02,AACTCTTG,CATTCTAA
N7F45S5R37_X02,ACCGACTG,AGTTCCGC
N7F45S5R38_X02,ACCGACTG,CGATAGAG
N7F45S5R39_X02,ACCGACTG,ACGACTCG
N7F45S5R40_X02,ACCGACTG,AGATGGTC
N7F45S5R41_X02,ACCGACTG,GGTCAAGT
N7F45S5R42_X02,ACCGACTG,CGGCTCTC
N7F45S5R43_X02,ACCGACTG,AATCCGTT
N7F45S5R44_X02,ACCGACTG,CTCGTATT
N7F45S5R45_X02,ACCGACTG,AGCAACTC
N7F45S5R46_X02,ACCGACTG,GTCTAACC
N7F45S5R47_X02,ACCGACTG,AAGTCCTG
N7F45S5R48_X02,ACCGACTG,CATTCTAA
N7F46S5R37_X02,GTAAGGAC,AGTTCCGC
N7F46S5R38_X02,GTAAGGAC,CGATAGAG
N7F46S5R39_X02,GTAAGGAC,ACGACTCG
N7F46S5R40_X02,GTAAGGAC,AGATGGTC
N7F46S5R41_X02,GTAAGGAC,GGTCAAGT
N7F46S5R42_X02,GTAAGGAC,CGGCTCTC
N7F46S5R43_X02,GTAAGGAC,AATCCGTT
N7F46S5R44_X02,GTAAGGAC,CTCGTATT
N7F46S5R45_X02,GTAAGGAC,AGCAACTC
N7F46S5R46_X02,GTAAGGAC,GTCTAACC
N7F46S5R47_X02,GTAAGGAC,AAGTCCTG
N7F46S5R48_X02,GTAAGGAC,CATTCTAA
N7F47S5R37_X02,GCAACTTC,AGTTCCGC
N7F47S5R38_X02,GCAACTTC,CGATAGAG
N7F47S5R39_X02,GCAACTTC,ACGACTCG
N7F47S5R40_X02,GCAACTTC,AGATGGTC
N7F47S5R41_X02,GCAACTTC,GGTCAAGT
N7F47S5R42_X02,GCAACTTC,CGGCTCTC
N7F47S5R43_X02,GCAACTTC,AATCCGTT
N7F47S5R44_X02,GCAACTTC,CTCGTATT
N7F47S5R45_X02,GCAACTTC,AGCAACTC
N7F47S5R46_X02,GCAACTTC,GTCTAACC
N7F47S5R47_X02,GCAACTTC,AAGTCCTG
N7F47S5R48_X02,GCAACTTC,CATTCTAA
N7F48S5R37_X02,CTCTGATA,AGTTCCGC
N7F48S5R38_X02,CTCTGATA,CGATAGAG
N7F48S5R39_X02,CTCTGATA,ACGACTCG
N7F48S5R40_X02,CTCTGATA,AGATGGTC
N7F48S5R41_X02,CTCTGATA,GGTCAAGT
N7F48S5R42_X02,CTCTGATA,CGGCTCTC
N7F48S5R43_X02,CTCTGATA,AATCCGTT
N7F48S5R44_X02,CTCTGATA,CTCGTATT
N7F48S5R45_X02,CTCTGATA,AGCAACTC
N7F48S5R46_X02,CTCTGATA,GTCTAACC
N7F48S5R47_X02,CTCTGATA,AAGTCCTG
N7F48S5R48_X02,CTCTGATA,CATTCTAA
N7F49S5R25_BA-01-new,GAAGTTAT,ACCAAGAG
N7F49S5R26_BA-01-new,GAAGTTAT,ACCTGCTT
N7F49S5R27_BA-01-new,GAAGTTAT,ATACGAGC
N7F49S5R28_BA-01-new,GAAGTTAT,GACTGCGC
N7F49S5R29_BA-01-new,GAAGTTAT,AGAAGCGG
N7F49S5R30_BA-01-new,GAAGTTAT,CAAGTCAA
N7F49S5R31_BA-01-new,GAAGTTAT,ACGTTGAT
N7F49S5R32_BA-01-new,GAAGTTAT,AGTATGGA
N7F49S5R33_BA-01-new,GAAGTTAT,ACGATCGC
N7F49S5R34_BA-01-new,GAAGTTAT,GATGCCAG
N7F49S5R35_BA-01-new,GAAGTTAT,CAACGGAC
N7F49S5R36_BA-01-new,GAAGTTAT,CGCAAGGT
N7F50S5R25_BA-01-new,GTAGGAGT,ACCAAGAG
N7F50S5R26_BA-01-new,GTAGGAGT,ACCTGCTT
N7F50S5R27_BA-01-new,GTAGGAGT,ATACGAGC
N7F50S5R28_BA-01-new,GTAGGAGT,GACTGCGC
N7F50S5R29_BA-01-new,GTAGGAGT,AGAAGCGG
N7F50S5R30_BA-01-new,GTAGGAGT,CAAGTCAA
N7F50S5R31_BA-01-new,GTAGGAGT,ACGTTGAT
N7F50S5R32_BA-01-new,GTAGGAGT,AGTATGGA
N7F50S5R33_BA-01-new,GTAGGAGT,ACGATCGC
N7F50S5R34_BA-01-new,GTAGGAGT,GATGCCAG
N7F50S5R35_BA-01-new,GTAGGAGT,CAACGGAC
N7F50S5R36_BA-01-new,GTAGGAGT,CGCAAGGT
N7F51S5R25_BA-01-new,TACTAGTT,ACCAAGAG
N7F51S5R26_BA-01-new,TACTAGTT,ACCTGCTT
N7F51S5R27_BA-01-new,TACTAGTT,ATACGAGC
N7F51S5R28_BA-01-new,TACTAGTT,GACTGCGC
N7F51S5R29_BA-01-new,TACTAGTT,AGAAGCGG
N7F51S5R30_BA-01-new,TACTAGTT,CAAGTCAA
N7F51S5R31_BA-01-new,TACTAGTT,ACGTTGAT
N7F51S5R32_BA-01-new,TACTAGTT,AGTATGGA
N7F51S5R33_BA-01-new,TACTAGTT,ACGATCGC
N7F51S5R34_BA-01-new,TACTAGTT,GATGCCAG
N7F51S5R35_BA-01-new,TACTAGTT,CAACGGAC
N7F51S5R36_BA-01-new,TACTAGTT,CGCAAGGT
N7F52S5R25_BA-01-new,GCAGGTCG,ACCAAGAG
N7F52S5R26_BA-01-new,GCAGGTCG,ACCTGCTT
N7F52S5R27_BA-01-new,GCAGGTCG,ATACGAGC
N7F52S5R28_BA-01-new,GCAGGTCG,GACTGCGC
N7F52S5R29_BA-01-new,GCAGGTCG,AGAAGCGG
N7F52S5R30_BA-01-new,GCAGGTCG,CAAGTCAA
N7F52S5R31_BA-01-new,GCAGGTCG,ACGTTGAT
N7F52S5R32_BA-01-new,GCAGGTCG,AGTATGGA
N7F52S5R33_BA-01-new,GCAGGTCG,ACGATCGC
N7F52S5R34_BA-01-new,GCAGGTCG,GATGCCAG
N7F52S5R35_BA-01-new,GCAGGTCG,CAACGGAC
N7F52S5R36_BA-01-new,GCAGGTCG,CGCAAGGT
N7F53S5R25_BA-01-new,TTCAAGAG,ACCAAGAG
N7F53S5R26_BA-01-new,TTCAAGAG,ACCTGCTT
N7F53S5R27_BA-01-new,TTCAAGAG,ATACGAGC
N7F53S5R28_BA-01-new,TTCAAGAG,GACTGCGC
N7F53S5R29_BA-01-new,TTCAAGAG,AGAAGCGG
N7F53S5R30_BA-01-new,TTCAAGAG,CAAGTCAA
N7F53S5R31_BA-01-new,TTCAAGAG,ACGTTGAT
N7F53S5R32_BA-01-new,TTCAAGAG,AGTATGGA
N7F53S5R33_BA-01-new,TTCAAGAG,ACGATCGC
N7F53S5R34_BA-01-new,TTCAAGAG,GATGCCAG
N7F53S5R35_BA-01-new,TTCAAGAG,CAACGGAC
N7F53S5R36_BA-01-new,TTCAAGAG,CGCAAGGT
N7F54S5R25_BA-01-new,GTTATTCT,ACCAAGAG
N7F54S5R26_BA-01-new,GTTATTCT,ACCTGCTT
N7F54S5R27_BA-01-new,GTTATTCT,ATACGAGC
N7F54S5R28_BA-01-new,GTTATTCT,GACTGCGC
N7F54S5R29_BA-01-new,GTTATTCT,AGAAGCGG
N7F54S5R30_BA-01-new,GTTATTCT,CAAGTCAA
N7F54S5R31_BA-01-new,GTTATTCT,ACGTTGAT
N7F54S5R32_BA-01-new,GTTATTCT,AGTATGGA
N7F54S5R33_BA-01-new,GTTATTCT,ACGATCGC
N7F54S5R34_BA-01-new,GTTATTCT,GATGCCAG
N7F54S5R35_BA-01-new,GTTATTCT,CAACGGAC
N7F54S5R36_BA-01-new,GTTATTCT,CGCAAGGT
N7F55S5R25_BA-01-new,CGCTCGAG,ACCAAGAG
N7F55S5R26_BA-01-new,CGCTCGAG,ACCTGCTT
N7F55S5R27_BA-01-new,CGCTCGAG,ATACGAGC
N7F55S5R28_BA-01-new,CGCTCGAG,GACTGCGC
N7F55S5R29_BA-01-new,CGCTCGAG,AGAAGCGG
N7F55S5R30_BA-01-new,CGCTCGAG,CAAGTCAA
N7F55S5R31_BA-01-new,CGCTCGAG,ACGTTGAT
N7F55S5R32_BA-01-new,CGCTCGAG,AGTATGGA
N7F55S5R33_BA-01-new,CGCTCGAG,ACGATCGC
N7F55S5R34_BA-01-new,CGCTCGAG,GATGCCAG
N7F55S5R35_BA-01-new,CGCTCGAG,CAACGGAC
N7F55S5R36_BA-01-new,CGCTCGAG,CGCAAGGT
N7F56S5R25_BA-01-new,TAGCTAAT,ACCAAGAG
N7F56S5R26_BA-01-new,TAGCTAAT,ACCTGCTT
N7F56S5R27_BA-01-new,TAGCTAAT,ATACGAGC
N7F56S5R28_BA-01-new,TAGCTAAT,GACTGCGC
N7F56S5R29_BA-01-new,TAGCTAAT,AGAAGCGG
N7F56S5R30_BA-01-new,TAGCTAAT,CAAGTCAA
N7F56S5R31_BA-01-new,TAGCTAAT,ACGTTGAT
N7F56S5R32_BA-01-new,TAGCTAAT,AGTATGGA
N7F56S5R33_BA-01-new,TAGCTAAT,ACGATCGC
N7F56S5R34_BA-01-new,TAGCTAAT,GATGCCAG
N7F56S5R35_BA-01-new,TAGCTAAT,CAACGGAC
N7F56S5R36_BA-01-new,TAGCTAAT,CGCAAGGT
N7F57S5R01_LAC-05,GGCGCTGG,AGCTTGCG
N7F57S5R02_LAC-05,GGCGCTGG,ATGATTAA
N7F57S5R03_LAC-05,GGCGCTGG,CAAGCAGG
N7F57S5R04_LAC-05,GGCGCTGG,TGGAGGCC
N7F57S5R05_LAC-05,GGCGCTGG,CTGAGACG
N7F57S5R06_LAC-05,GGCGCTGG,CGCTCAAT
N7F57S5R07_LAC-05,GGCGCTGG,GCGAGTTC
N7F57S5R08_LAC-05,GGCGCTGG,AACTCTCT
N7F57S5R09_LAC-05,GGCGCTGG,CAGATTCC
N7F57S5R10_LAC-05,GGCGCTGG,CCTGGTAG
N7F57S5R11_LAC-05,GGCGCTGG,TCTATGAC
N7F57S5R12_LAC-05,GGCGCTGG,CGCCGAGG
N7F58S5R01_LAC-05,CTATTCCA,AGCTTGCG
N7F58S5R02_LAC-05,CTATTCCA,ATGATTAA
N7F58S5R03_LAC-05,CTATTCCA,CAAGCAGG
N7F58S5R04_LAC-05,CTATTCCA,TGGAGGCC
N7F58S5R05_LAC-05,CTATTCCA,CTGAGACG
N7F58S5R06_LAC-05,CTATTCCA,CGCTCAAT
N7F58S5R07_LAC-05,CTATTCCA,GCGAGTTC
N7F58S5R08_LAC-05,CTATTCCA,AACTCTCT
N7F58S5R09_LAC-05,CTATTCCA,CAGATTCC
N7F58S5R10_LAC-05,CTATTCCA,CCTGGTAG
N7F58S5R11_LAC-05,CTATTCCA,TCTATGAC
N7F58S5R12_LAC-05,CTATTCCA,CGCCGAGG
N7F59S5R01_LAC-05,GTTACCGG,AGCTTGCG
N7F59S5R02_LAC-05,GTTACCGG,ATGATTAA
N7F59S5R03_LAC-05,GTTACCGG,CAAGCAGG
N7F59S5R04_LAC-05,GTTACCGG,TGGAGGCC
N7F59S5R05_LAC-05,GTTACCGG,CTGAGACG
N7F59S5R06_LAC-05,GTTACCGG,CGCTCAAT
N7F59S5R07_LAC-05,GTTACCGG,GCGAGTTC
N7F59S5R08_LAC-05,GTTACCGG,AACTCTCT
N7F59S5R09_LAC-05,GTTACCGG,CAGATTCC
N7F59S5R10_LAC-05,GTTACCGG,CCTGGTAG
N7F59S5R11_LAC-05,GTTACCGG,TCTATGAC
N7F59S5R12_LAC-05,GTTACCGG,CGCCGAGG
N7F60S5R01_LAC-05,CTGATGCG,AGCTTGCG
N7F60S5R02_LAC-05,CTGATGCG,ATGATTAA
N7F60S5R03_LAC-05,CTGATGCG,CAAGCAGG
N7F60S5R04_LAC-05,CTGATGCG,TGGAGGCC
N7F60S5R05_LAC-05,CTGATGCG,CTGAGACG
N7F60S5R06_LAC-05,CTGATGCG,CGCTCAAT
N7F60S5R07_LAC-05,CTGATGCG,GCGAGTTC
N7F60S5R08_LAC-05,CTGATGCG,AACTCTCT
N7F60S5R09_LAC-05,CTGATGCG,CAGATTCC
N7F60S5R10_LAC-05,CTGATGCG,CCTGGTAG
N7F60S5R11_LAC-05,CTGATGCG,TCTATGAC
N7F60S5R12_LAC-05,CTGATGCG,CGCCGAGG
N7F61S5R01_LAC-05,TCTTATCT,AGCTTGCG
N7F61S5R02_LAC-05,TCTTATCT,ATGATTAA
N7F61S5R03_LAC-05,TCTTATCT,CAAGCAGG
N7F61S5R04_LAC-05,TCTTATCT,TGGAGGCC
N7F61S5R05_LAC-05,TCTTATCT,CTGAGACG
N7F61S5R06_LAC-05,TCTTATCT,CGCTCAAT
N7F61S5R07_LAC-05,TCTTATCT,GCGAGTTC
N7F61S5R08_LAC-05,TCTTATCT,AACTCTCT
N7F61S5R09_LAC-05,TCTTATCT,CAGATTCC
N7F61S5R10_LAC-05,TCTTATCT,CCTGGTAG
N7F61S5R11_LAC-05,TCTTATCT,TCTATGAC
N7F61S5R12_LAC-05,TCTTATCT,CGCCGAGG
N7F62S5R01_LAC-05,GACTGCGT,AGCTTGCG
N7F62S5R02_LAC-05,GACTGCGT,ATGATTAA
N7F62S5R03_LAC-05,GACTGCGT,CAAGCAGG
N7F62S5R04_LAC-05,GACTGCGT,TGGAGGCC
N7F62S5R05_LAC-05,GACTGCGT,CTGAGACG
N7F62S5R06_LAC-05,GACTGCGT,CGCTCAAT
N7F62S5R07_LAC-05,GACTGCGT,GCGAGTTC
N7F62S5R08_LAC-05,GACTGCGT,AACTCTCT
N7F62S5R09_LAC-05,GACTGCGT,CAGATTCC
N7F62S5R10_LAC-05,GACTGCGT,CCTGGTAG
N7F62S5R11_LAC-05,GACTGCGT,TCTATGAC
N7F62S5R12_LAC-05,GACTGCGT,CGCCGAGG
N7F63S5R01_LAC-05,CCGTTGAC,AGCTTGCG
N7F63S5R02_LAC-05,CCGTTGAC,ATGATTAA
N7F63S5R03_LAC-05,CCGTTGAC,CAAGCAGG
N7F63S5R04_LAC-05,CCGTTGAC,TGGAGGCC
N7F63S5R05_LAC-05,CCGTTGAC,CTGAGACG
N7F63S5R06_LAC-05,CCGTTGAC,CGCTCAAT
N7F63S5R07_LAC-05,CCGTTGAC,GCGAGTTC
N7F63S5R08_LAC-05,CCGTTGAC,AACTCTCT
N7F63S5R09_LAC-05,CCGTTGAC,CAGATTCC
N7F63S5R10_LAC-05,CCGTTGAC,CCTGGTAG
N7F63S5R11_LAC-05,CCGTTGAC,TCTATGAC
N7F63S5R12_LAC-05,CCGTTGAC,CGCCGAGG
N7F64S5R01_LAC-05,ACCGGTAA,AGCTTGCG
N7F64S5R02_LAC-05,ACCGGTAA,ATGATTAA
N7F64S5R03_LAC-05,ACCGGTAA,CAAGCAGG
N7F64S5R04_LAC-05,ACCGGTAA,TGGAGGCC
N7F64S5R05_LAC-05,ACCGGTAA,CTGAGACG
N7F64S5R06_LAC-05,ACCGGTAA,CGCTCAAT
N7F64S5R07_LAC-05,ACCGGTAA,GCGAGTTC
N7F64S5R08_LAC-05,ACCGGTAA,AACTCTCT
N7F64S5R09_LAC-05,ACCGGTAA,CAGATTCC
N7F64S5R10_LAC-05,ACCGGTAA,CCTGGTAG
N7F64S5R11_LAC-05,ACCGGTAA,TCTATGAC
N7F64S5R12_LAC-05,ACCGGTAA,CGCCGAGG
N7F57S5R13_LAC-10,GGCGCTGG,CTAGGTTA
N7F57S5R14_LAC-10,GGCGCTGG,TCGGATGC
N7F57S5R15_LAC-10,GGCGCTGG,CCTCGCGT
N7F57S5R16_LAC-10,GGCGCTGG,ATTCATTG
N7F57S5R17_LAC-10,GGCGCTGG,CTTCCAAG
N7F57S5R18_LAC-10,GGCGCTGG,CCGCCATT
N7F57S5R19_LAC-10,GGCGCTGG,TGCGTAGC
N7F57S5R20_LAC-10,GGCGCTGG,AACGCATC
N7F57S5R21_LAC-10,GGCGCTGG,AGGCTTGG
N7F57S5R22_LAC-10,GGCGCTGG,GACCGATT
N7F57S5R23_LAC-10,GGCGCTGG,ATACTCAG
N7F57S5R24_LAC-10,GGCGCTGG,ACGCGAAG
N7F58S5R13_LAC-10,CTATTCCA,CTAGGTTA
N7F58S5R14_LAC-10,CTATTCCA,TCGGATGC
N7F58S5R15_LAC-10,CTATTCCA,CCTCGCGT
N7F58S5R16_LAC-10,CTATTCCA,ATTCATTG
N7F58S5R17_LAC-10,CTATTCCA,CTTCCAAG
N7F58S5R18_LAC-10,CTATTCCA,CCGCCATT
N7F58S5R19_LAC-10,CTATTCCA,TGCGTAGC
N7F58S5R20_LAC-10,CTATTCCA,AACGCATC
N7F58S5R21_LAC-10,CTATTCCA,AGGCTTGG
N7F58S5R22_LAC-10,CTATTCCA,GACCGATT
N7F58S5R23_LAC-10,CTATTCCA,ATACTCAG
N7F58S5R24_LAC-10,CTATTCCA,ACGCGAAG
N7F59S5R13_LAC-10,GTTACCGG,CTAGGTTA
N7F59S5R14_LAC-10,GTTACCGG,TCGGATGC
N7F59S5R15_LAC-10,GTTACCGG,CCTCGCGT
N7F59S5R16_LAC-10,GTTACCGG,ATTCATTG
N7F59S5R17_LAC-10,GTTACCGG,CTTCCAAG
N7F59S5R18_LAC-10,GTTACCGG,CCGCCATT
N7F59S5R19_LAC-10,GTTACCGG,TGCGTAGC
N7F59S5R20_LAC-10,GTTACCGG,AACGCATC
N7F59S5R21_LAC-10,GTTACCGG,AGGCTTGG
N7F59S5R22_LAC-10,GTTACCGG,GACCGATT
N7F59S5R23_LAC-10,GTTACCGG,ATACTCAG
N7F59S5R24_LAC-10,GTTACCGG,ACGCGAAG
N7F60S5R13_LAC-10,CTGATGCG,CTAGGTTA
N7F60S5R14_LAC-10,CTGATGCG,TCGGATGC
N7F60S5R15_LAC-10,CTGATGCG,CCTCGCGT
N7F60S5R16_LAC-10,CTGATGCG,ATTCATTG
N7F60S5R17_LAC-10,CTGATGCG,CTTCCAAG
N7F60S5R18_LAC-10,CTGATGCG,CCGCCATT
N7F60S5R19_LAC-10,CTGATGCG,TGCGTAGC
N7F60S5R20_LAC-10,CTGATGCG,AACGCATC
N7F60S5R21_LAC-10,CTGATGCG,AGGCTTGG
N7F60S5R22_LAC-10,CTGATGCG,GACCGATT
N7F60S5R23_LAC-10,CTGATGCG,ATACTCAG
N7F60S5R24_LAC-10,CTGATGCG,ACGCGAAG
N7F61S5R13_LAC-10,TCTTATCT,CTAGGTTA
N7F61S5R14_LAC-10,TCTTATCT,TCGGATGC
N7F61S5R15_LAC-10,TCTTATCT,CCTCGCGT
N7F61S5R16_LAC-10,TCTTATCT,ATTCATTG
N7F61S5R17_LAC-10,TCTTATCT,CTTCCAAG
N7F61S5R18_LAC-10,TCTTATCT,CCGCCATT
N7F61S5R19_LAC-10,TCTTATCT,TGCGTAGC
N7F61S5R20_LAC-10,TCTTATCT,AACGCATC
N7F61S5R21_LAC-10,TCTTATCT,AGGCTTGG
N7F61S5R22_LAC-10,TCTTATCT,GACCGATT
N7F61S5R23_LAC-10,TCTTATCT,ATACTCAG
N7F61S5R24_LAC-10,TCTTATCT,ACGCGAAG
N7F62S5R13_LAC-10,GACTGCGT,CTAGGTTA
N7F62S5R14_LAC-10,GACTGCGT,TCGGATGC
N7F62S5R15_LAC-10,GACTGCGT,CCTCGCGT
N7F62S5R16_LAC-10,GACTGCGT,ATTCATTG
N7F62S5R17_LAC-10,GACTGCGT,CTTCCAAG
N7F62S5R18_LAC-10,GACTGCGT,CCGCCATT
N7F62S5R19_LAC-10,GACTGCGT,TGCGTAGC
N7F62S5R20_LAC-10,GACTGCGT,AACGCATC
N7F62S5R21_LAC-10,GACTGCGT,AGGCTTGG
N7F62S5R22_LAC-10,GACTGCGT,GACCGATT
N7F62S5R23_LAC-10,GACTGCGT,ATACTCAG
N7F62S5R24_LAC-10,GACTGCGT,ACGCGAAG
N7F63S5R13_LAC-10,CCGTTGAC,CTAGGTTA
N7F63S5R14_LAC-10,CCGTTGAC,TCGGATGC
N7F63S5R15_LAC-10,CCGTTGAC,CCTCGCGT
N7F63S5R16_LAC-10,CCGTTGAC,ATTCATTG
N7F63S5R17_LAC-10,CCGTTGAC,CTTCCAAG
N7F63S5R18_LAC-10,CCGTTGAC,CCGCCATT
N7F63S5R19_LAC-10,CCGTTGAC,TGCGTAGC
N7F63S5R20_LAC-10,CCGTTGAC,AACGCATC
N7F63S5R21_LAC-10,CCGTTGAC,AGGCTTGG
N7F63S5R22_LAC-10,CCGTTGAC,GACCGATT
N7F63S5R23_LAC-10,CCGTTGAC,ATACTCAG
N7F63S5R24_LAC-10,CCGTTGAC,ACGCGAAG
N7F64S5R13_LAC-10,ACCGGTAA,CTAGGTTA
N7F64S5R14_LAC-10,ACCGGTAA,TCGGATGC
N7F64S5R15_LAC-10,ACCGGTAA,CCTCGCGT
N7F64S5R16_LAC-10,ACCGGTAA,ATTCATTG
N7F64S5R17_LAC-10,ACCGGTAA,CTTCCAAG
N7F64S5R18_LAC-10,ACCGGTAA,CCGCCATT
N7F64S5R19_LAC-10,ACCGGTAA,TGCGTAGC
N7F64S5R20_LAC-10,ACCGGTAA,AACGCATC
N7F64S5R21_LAC-10,ACCGGTAA,AGGCTTGG
N7F64S5R22_LAC-10,ACCGGTAA,GACCGATT
N7F64S5R23_LAC-10,ACCGGTAA,ATACTCAG
N7F64S5R24_LAC-10,ACCGGTAA,ACGCGAAG
N7F65S5R01_LAC-09,ATTAGCAA,AGCTTGCG
N7F65S5R02_LAC-09,ATTAGCAA,ATGATTAA
N7F65S5R03_LAC-09,ATTAGCAA,CAAGCAGG
N7F65S5R04_LAC-09,ATTAGCAA,TGGAGGCC
N7F65S5R05_LAC-09,ATTAGCAA,CTGAGACG
N7F65S5R06_LAC-09,ATTAGCAA,CGCTCAAT
N7F65S5R07_LAC-09,ATTAGCAA,GCGAGTTC
N7F65S5R08_LAC-09,ATTAGCAA,AACTCTCT
N7F65S5R09_LAC-09,ATTAGCAA,CAGATTCC
N7F65S5R10_LAC-09,ATTAGCAA,CCTGGTAG
N7F65S5R11_LAC-09,ATTAGCAA,TCTATGAC
N7F65S5R12_LAC-09,ATTAGCAA,CGCCGAGG
N7F66S5R01_LAC-09,CGCCTATT,AGCTTGCG
N7F66S5R02_LAC-09,CGCCTATT,ATGATTAA
N7F66S5R03_LAC-09,CGCCTATT,CAAGCAGG
N7F66S5R04_LAC-09,CGCCTATT,TGGAGGCC
N7F66S5R05_LAC-09,CGCCTATT,CTGAGACG
N7F66S5R06_LAC-09,CGCCTATT,CGCTCAAT
N7F66S5R07_LAC-09,CGCCTATT,GCGAGTTC
N7F66S5R08_LAC-09,CGCCTATT,AACTCTCT
N7F66S5R09_LAC-09,CGCCTATT,CAGATTCC
N7F66S5R10_LAC-09,CGCCTATT,CCTGGTAG
N7F66S5R11_LAC-09,CGCCTATT,TCTATGAC
N7F66S5R12_LAC-09,CGCCTATT,CGCCGAGG
N7F67S5R01_LAC-09,AGCATAAC,AGCTTGCG
N7F67S5R02_LAC-09,AGCATAAC,ATGATTAA
N7F67S5R03_LAC-09,AGCATAAC,CAAGCAGG
N7F67S5R04_LAC-09,AGCATAAC,TGGAGGCC
N7F67S5R05_LAC-09,AGCATAAC,CTGAGACG
N7F67S5R06_LAC-09,AGCATAAC,CGCTCAAT
N7F67S5R07_LAC-09,AGCATAAC,GCGAGTTC
N7F67S5R08_LAC-09,AGCATAAC,AACTCTCT
N7F67S5R09_LAC-09,AGCATAAC,CAGATTCC
N7F67S5R10_LAC-09,AGCATAAC,CCTGGTAG
N7F67S5R11_LAC-09,AGCATAAC,TCTATGAC
N7F67S5R12_LAC-09,AGCATAAC,CGCCGAGG
N7F68S5R01_LAC-09,AAGACTCT,AGCTTGCG
N7F68S5R02_LAC-09,AAGACTCT,ATGATTAA
N7F68S5R03_LAC-09,AAGACTCT,CAAGCAGG
N7F68S5R04_LAC-09,AAGACTCT,TGGAGGCC
N7F68S5R05_LAC-09,AAGACTCT,CTGAGACG
N7F68S5R06_LAC-09,AAGACTCT,CGCTCAAT
N7F68S5R07_LAC-09,AAGACTCT,GCGAGTTC
N7F68S5R08_LAC-09,AAGACTCT,AACTCTCT
N7F68S5R09_LAC-09,AAGACTCT,CAGATTCC
N7F68S5R10_LAC-09,AAGACTCT,CCTGGTAG
N7F68S5R11_LAC-09,AAGACTCT,TCTATGAC
N7F68S5R12_LAC-09,AAGACTCT,CGCCGAGG
N7F69S5R01_LAC-09,CTACGTCC,AGCTTGCG
N7F69S5R02_LAC-09,CTACGTCC,ATGATTAA
N7F69S5R03_LAC-09,CTACGTCC,CAAGCAGG
N7F69S5R04_LAC-09,CTACGTCC,TGGAGGCC
N7F69S5R05_LAC-09,CTACGTCC,CTGAGACG
N7F69S5R06_LAC-09,CTACGTCC,CGCTCAAT
N7F69S5R07_LAC-09,CTACGTCC,GCGAGTTC
N7F69S5R08_LAC-09,CTACGTCC,AACTCTCT
N7F69S5R09_LAC-09,CTACGTCC,CAGATTCC
N7F69S5R10_LAC-09,CTACGTCC,CCTGGTAG
N7F69S5R11_LAC-09,CTACGTCC,TCTATGAC
N7F69S5R12_LAC-09,CTACGTCC,CGCCGAGG
N7F70S5R01_LAC-09,AGGCGCCT,AGCTTGCG
N7F70S5R02_LAC-09,AGGCGCCT,ATGATTAA
N7F70S5R03_LAC-09,AGGCGCCT,CAAGCAGG
N7F70S5R04_LAC-09,AGGCGCCT,TGGAGGCC
N7F70S5R05_LAC-09,AGGCGCCT,CTGAGACG
N7F70S5R06_LAC-09,AGGCGCCT,CGCTCAAT
N7F70S5R07_LAC-09,AGGCGCCT,GCGAGTTC
N7F70S5R08_LAC-09,AGGCGCCT,AACTCTCT
N7F70S5R09_LAC-09,AGGCGCCT,CAGATTCC
N7F70S5R10_LAC-09,AGGCGCCT,CCTGGTAG
N7F70S5R11_LAC-09,AGGCGCCT,TCTATGAC
N7F70S5R12_LAC-09,AGGCGCCT,CGCCGAGG
N7F71S5R01_LAC-09,CAAGCTGC,AGCTTGCG
N7F71S5R02_LAC-09,CAAGCTGC,ATGATTAA
N7F71S5R03_LAC-09,CAAGCTGC,CAAGCAGG
N7F71S5R04_LAC-09,CAAGCTGC,TGGAGGCC
N7F71S5R05_LAC-09,CAAGCTGC,CTGAGACG
N7F71S5R06_LAC-09,CAAGCTGC,CGCTCAAT
N7F71S5R07_LAC-09,CAAGCTGC,GCGAGTTC
N7F71S5R08_LAC-09,CAAGCTGC,AACTCTCT
N7F71S5R09_LAC-09,CAAGCTGC,CAGATTCC
N7F71S5R10_LAC-09,CAAGCTGC,CCTGGTAG
N7F71S5R11_LAC-09,CAAGCTGC,TCTATGAC
N7F71S5R12_LAC-09,CAAGCTGC,CGCCGAGG
N7F72S5R01_LAC-09,CGAGATAG,AGCTTGCG
N7F72S5R02_LAC-09,CGAGATAG,ATGATTAA
N7F72S5R03_LAC-09,CGAGATAG,CAAGCAGG
N7F72S5R04_LAC-09,CGAGATAG,TGGAGGCC
N7F72S5R05_LAC-09,CGAGATAG,CTGAGACG
N7F72S5R06_LAC-09,CGAGATAG,CGCTCAAT
N7F72S5R07_LAC-09,CGAGATAG,GCGAGTTC
N7F72S5R08_LAC-09,CGAGATAG,AACTCTCT
N7F72S5R09_LAC-09,CGAGATAG,CAGATTCC
N7F72S5R10_LAC-09,CGAGATAG,CCTGGTAG
N7F72S5R11_LAC-09,CGAGATAG,TCTATGAC
N7F72S5R12_LAC-09,CGAGATAG,CGCCGAGG
N7F65S5R13_GA-104,ATTAGCAA,CTAGGTTA
N7F65S5R14_GA-104,ATTAGCAA,TCGGATGC
N7F65S5R15_GA-104,ATTAGCAA,CCTCGCGT
N7F65S5R16_GA-104,ATTAGCAA,ATTCATTG
N7F65S5R17_GA-104,ATTAGCAA,CTTCCAAG
N7F65S5R18_GA-104,ATTAGCAA,CCGCCATT
N7F65S5R19_GA-104,ATTAGCAA,TGCGTAGC
N7F65S5R20_GA-104,ATTAGCAA,AACGCATC
N7F65S5R21_GA-104,ATTAGCAA,AGGCTTGG
N7F65S5R22_GA-104,ATTAGCAA,GACCGATT
N7F65S5R23_GA-104,ATTAGCAA,ATACTCAG
N7F65S5R24_GA-104,ATTAGCAA,ACGCGAAG
N7F66S5R13_GA-104,CGCCTATT,CTAGGTTA
N7F66S5R14_GA-104,CGCCTATT,TCGGATGC
N7F66S5R15_GA-104,CGCCTATT,CCTCGCGT
N7F66S5R16_GA-104,CGCCTATT,ATTCATTG
N7F66S5R17_GA-104,CGCCTATT,CTTCCAAG
N7F66S5R18_GA-104,CGCCTATT,CCGCCATT
N7F66S5R19_GA-104,CGCCTATT,TGCGTAGC
N7F66S5R20_GA-104,CGCCTATT,AACGCATC
N7F66S5R21_GA-104,CGCCTATT,AGGCTTGG
N7F66S5R22_GA-104,CGCCTATT,GACCGATT
N7F66S5R23_GA-104,CGCCTATT,ATACTCAG
N7F66S5R24_GA-104,CGCCTATT,ACGCGAAG
N7F67S5R13_GA-104,AGCATAAC,CTAGGTTA
N7F67S5R14_GA-104,AGCATAAC,TCGGATGC
N7F67S5R15_GA-104,AGCATAAC,CCTCGCGT
N7F67S5R16_GA-104,AGCATAAC,ATTCATTG
N7F67S5R17_GA-104,AGCATAAC,CTTCCAAG
N7F67S5R18_GA-104,AGCATAAC,CCGCCATT
N7F67S5R19_GA-104,AGCATAAC,TGCGTAGC
N7F67S5R20_GA-104,AGCATAAC,AACGCATC
N7F67S5R21_GA-104,AGCATAAC,AGGCTTGG
N7F67S5R22_GA-104,AGCATAAC,GACCGATT
N7F67S5R23_GA-104,AGCATAAC,ATACTCAG
N7F67S5R24_GA-104,AGCATAAC,ACGCGAAG
N7F68S5R13_GA-104,AAGACTCT,CTAGGTTA
N7F68S5R14_GA-104,AAGACTCT,TCGGATGC
N7F68S5R15_GA-104,AAGACTCT,CCTCGCGT
N7F68S5R16_GA-104,AAGACTCT,ATTCATTG
N7F68S5R17_GA-104,AAGACTCT,CTTCCAAG
N7F68S5R18_GA-104,AAGACTCT,CCGCCATT
N7F68S5R19_GA-104,AAGACTCT,TGCGTAGC
N7F68S5R20_GA-104,AAGACTCT,AACGCATC
N7F68S5R21_GA-104,AAGACTCT,AGGCTTGG
N7F68S5R22_GA-104,AAGACTCT,GACCGATT
N7F68S5R23_GA-104,AAGACTCT,ATACTCAG
N7F68S5R24_GA-104,AAGACTCT,ACGCGAAG
N7F69S5R13_GA-104,CTACGTCC,CTAGGTTA
N7F69S5R14_GA-104,CTACGTCC,TCGGATGC
N7F69S5R15_GA-104,CTACGTCC,CCTCGCGT
N7F69S5R16_GA-104,CTACGTCC,ATTCATTG
N7F69S5R17_GA-104,CTACGTCC,CTTCCAAG
N7F69S5R18_GA-104,CTACGTCC,CCGCCATT
N7F69S5R19_GA-104,CTACGTCC,TGCGTAGC
N7F69S5R20_GA-104,CTACGTCC,AACGCATC
N7F69S5R21_GA-104,CTACGTCC,AGGCTTGG
N7F69S5R22_GA-104,CTACGTCC,GACCGATT
N7F69S5R23_GA-104,CTACGTCC,ATACTCAG
N7F69S5R24_GA-104,CTACGTCC,ACGCGAAG
N7F70S5R13_GA-104,AGGCGCCT,CTAGGTTA
N7F70S5R14_GA-104,AGGCGCCT,TCGGATGC
N7F70S5R15_GA-104,AGGCGCCT,CCTCGCGT
N7F70S5R16_GA-104,AGGCGCCT,ATTCATTG
N7F70S5R17_GA-104,AGGCGCCT,CTTCCAAG
N7F70S5R18_GA-104,AGGCGCCT,CCGCCATT
N7F70S5R19_GA-104,AGGCGCCT,TGCGTAGC
N7F70S5R20_GA-104,AGGCGCCT,AACGCATC
N7F70S5R21_GA-104,AGGCGCCT,AGGCTTGG
N7F70S5R22_GA-104,AGGCGCCT,GACCGATT
N7F70S5R23_GA-104,AGGCGCCT,ATACTCAG
N7F70S5R24_GA-104,AGGCGCCT,ACGCGAAG
N7F71S5R13_GA-104,CAAGCTGC,CTAGGTTA
N7F71S5R14_GA-104,CAAGCTGC,TCGGATGC
N7F71S5R15_GA-104,CAAGCTGC,CCTCGCGT
N7F71S5R16_GA-104,CAAGCTGC,ATTCATTG
N7F71S5R17_GA-104,CAAGCTGC,CTTCCAAG
N7F71S5R18_GA-104,CAAGCTGC,CCGCCATT
N7F71S5R19_GA-104,CAAGCTGC,TGCGTAGC
N7F71S5R20_GA-104,CAAGCTGC,AACGCATC
N7F71S5R21_GA-104,CAAGCTGC,AGGCTTGG
N7F71S5R22_GA-104,CAAGCTGC,GACCGATT
N7F71S5R23_GA-104,CAAGCTGC,ATACTCAG
N7F71S5R24_GA-104,CAAGCTGC,ACGCGAAG
N7F72S5R13_GA-104,CGAGATAG,CTAGGTTA
N7F72S5R14_GA-104,CGAGATAG,TCGGATGC
N7F72S5R15_GA-104,CGAGATAG,CCTCGCGT
N7F72S5R16_GA-104,CGAGATAG,ATTCATTG
N7F72S5R17_GA-104,CGAGATAG,CTTCCAAG
N7F72S5R18_GA-104,CGAGATAG,CCGCCATT
N7F72S5R19_GA-104,CGAGATAG,TGCGTAGC
N7F72S5R20_GA-104,CGAGATAG,AACGCATC
N7F72S5R21_GA-104,CGAGATAG,AGGCTTGG
N7F72S5R22_GA-104,CGAGATAG,GACCGATT
N7F72S5R23_GA-104,CGAGATAG,ATACTCAG
N7F72S5R24_GA-104,CGAGATAG,ACGCGAAG
N7F57S5R49_X04,GGCGCTGG,AACCAACG
N7F57S5R50_X04,GGCGCTGG,GGTTCGTA
N7F57S5R51_X04,GGCGCTGG,AGAACGCT
N7F57S5R52_X04,GGCGCTGG,GCCTCGAC
N7F57S5R53_X04,GGCGCTGG,CCTAATCT
N7F57S5R54_X04,GGCGCTGG,CATACCTC
N7F57S5R55_X04,GGCGCTGG,ACCGTCCA
N7F57S5R56_X04,GGCGCTGG,TGCGCGAG
N7F57S5R57_X04,GGCGCTGG,GTAACGAG
N7F57S5R58_X04,GGCGCTGG,TCCGGCGG
N7F57S5R59_X04,GGCGCTGG,CAATGCCT
N7F57S5R60_X04,GGCGCTGG,AACCGCAA
N7F58S5R49_X04,CTATTCCA,AACCAACG
N7F58S5R50_X04,CTATTCCA,GGTTCGTA
N7F58S5R51_X04,CTATTCCA,AGAACGCT
N7F58S5R52_X04,CTATTCCA,GCCTCGAC
N7F58S5R53_X04,CTATTCCA,CCTAATCT
N7F58S5R54_X04,CTATTCCA,CATACCTC
N7F58S5R55_X04,CTATTCCA,ACCGTCCA
N7F58S5R56_X04,CTATTCCA,TGCGCGAG
N7F58S5R57_X04,CTATTCCA,GTAACGAG
N7F58S5R58_X04,CTATTCCA,TCCGGCGG
N7F58S5R59_X04,CTATTCCA,CAATGCCT
N7F58S5R60_X04,CTATTCCA,AACCGCAA
N7F59S5R49_X04,GTTACCGG,AACCAACG
N7F59S5R50_X04,GTTACCGG,GGTTCGTA
N7F59S5R51_X04,GTTACCGG,AGAACGCT
N7F59S5R52_X04,GTTACCGG,GCCTCGAC
N7F59S5R53_X04,GTTACCGG,CCTAATCT
N7F59S5R54_X04,GTTACCGG,CATACCTC
N7F59S5R55_X04,GTTACCGG,ACCGTCCA
N7F59S5R56_X04,GTTACCGG,TGCGCGAG
N7F59S5R57_X04,GTTACCGG,GTAACGAG
N7F59S5R58_X04,GTTACCGG,TCCGGCGG
N7F59S5R59_X04,GTTACCGG,CAATGCCT
N7F59S5R60_X04,GTTACCGG,AACCGCAA
N7F60S5R49_X04,CTGATGCG,AACCAACG
N7F60S5R50_X04,CTGATGCG,GGTTCGTA
N7F60S5R51_X04,CTGATGCG,AGAACGCT
N7F60S5R52_X04,CTGATGCG,GCCTCGAC
N7F60S5R53_X04,CTGATGCG,CCTAATCT
N7F60S5R54_X04,CTGATGCG,CATACCTC
N7F60S5R55_X04,CTGATGCG,ACCGTCCA
N7F60S5R56_X04,CTGATGCG,TGCGCGAG
N7F60S5R57_X04,CTGATGCG,GTAACGAG
N7F60S5R58_X04,CTGATGCG,TCCGGCGG
N7F60S5R59_X04,CTGATGCG,CAATGCCT
N7F60S5R60_X04,CTGATGCG,AACCGCAA
N7F61S5R49_X04,TCTTATCT,AACCAACG
N7F61S5R50_X04,TCTTATCT,GGTTCGTA
N7F61S5R51_X04,TCTTATCT,AGAACGCT
N7F61S5R52_X04,TCTTATCT,GCCTCGAC
N7F61S5R53_X04,TCTTATCT,CCTAATCT
N7F61S5R54_X04,TCTTATCT,CATACCTC
N7F61S5R55_X04,TCTTATCT,ACCGTCCA
N7F61S5R56_X04,TCTTATCT,TGCGCGAG
N7F61S5R57_X04,TCTTATCT,GTAACGAG
N7F61S5R58_X04,TCTTATCT,TCCGGCGG
N7F61S5R59_X04,TCTTATCT,CAATGCCT
N7F61S5R60_X04,TCTTATCT,AACCGCAA
N7F62S5R49_X04,GACTGCGT,AACCAACG
N7F62S5R50_X04,GACTGCGT,GGTTCGTA
N7F62S5R51_X04,GACTGCGT,AGAACGCT
N7F62S5R52_X04,GACTGCGT,GCCTCGAC
N7F62S5R53_X04,GACTGCGT,CCTAATCT
N7F62S5R54_X04,GACTGCGT,CATACCTC
N7F62S5R55_X04,GACTGCGT,ACCGTCCA
N7F62S5R56_X04,GACTGCGT,TGCGCGAG
N7F62S5R57_X04,GACTGCGT,GTAACGAG
N7F62S5R58_X04,GACTGCGT,TCCGGCGG
N7F62S5R59_X04,GACTGCGT,CAATGCCT
N7F62S5R60_X04,GACTGCGT,AACCGCAA
N7F63S5R49_X04,CCGTTGAC,AACCAACG
N7F63S5R50_X04,CCGTTGAC,GGTTCGTA
N7F63S5R51_X04,CCGTTGAC,AGAACGCT
N7F63S5R52_X04,CCGTTGAC,GCCTCGAC
N7F63S5R53_X04,CCGTTGAC,CCTAATCT
N7F63S5R54_X04,CCGTTGAC,CATACCTC
N7F63S5R55_X04,CCGTTGAC,ACCGTCCA
N7F63S5R56_X04,CCGTTGAC,TGCGCGAG
N7F63S5R57_X04,CCGTTGAC,GTAACGAG
N7F63S5R58_X04,CCGTTGAC,TCCGGCGG
N7F63S5R59_X04,CCGTTGAC,CAATGCCT
N7F63S5R60_X04,CCGTTGAC,AACCGCAA
N7F64S5R49_X04,ACCGGTAA,AACCAACG
N7F64S5R50_X04,ACCGGTAA,GGTTCGTA
N7F64S5R51_X04,ACCGGTAA,AGAACGCT
N7F64S5R52_X04,ACCGGTAA,GCCTCGAC
N7F64S5R53_X04,ACCGGTAA,CCTAATCT
N7F64S5R54_X04,ACCGGTAA,CATACCTC
N7F64S5R55_X04,ACCGGTAA,ACCGTCCA
N7F64S5R56_X04,ACCGGTAA,TGCGCGAG
N7F64S5R57_X04,ACCGGTAA,GTAACGAG
N7F64S5R58_X04,ACCGGTAA,TCCGGCGG
N7F64S5R59_X04,ACCGGTAA,CAATGCCT
N7F64S5R60_X04,ACCGGTAA,AACCGCAA
N7F57S5R61_BA-01,GGCGCTGG,TAATTCGG
N7F57S5R62_BA-01,GGCGCTGG,GCATGGCG
N7F57S5R63_BA-01,GGCGCTGG,AACGACGT
N7F57S5R64_BA-01,GGCGCTGG,AATATCAT
N7F57S5R65_BA-01,GGCGCTGG,CGAAGATT
N7F57S5R66_BA-01,GGCGCTGG,CCAATTGG
N7F57S5R67_BA-01,GGCGCTGG,ACCTCAGG
N7F57S5R68_BA-01,GGCGCTGG,CGTCAGCC
N7F57S5R69_BA-01,GGCGCTGG,AGACCATG
N7F57S5R70_BA-01,GGCGCTGG,AAGCTATA
N7F57S5R71_BA-01,GGCGCTGG,AAGAACCA
N7F57S5R72_BA-01,GGCGCTGG,CAATTATC
N7F58S5R61_BA-01,CTATTCCA,TAATTCGG
N7F58S5R62_BA-01,CTATTCCA,GCATGGCG
N7F58S5R63_BA-01,CTATTCCA,AACGACGT
N7F58S5R64_BA-01,CTATTCCA,AATATCAT
N7F58S5R65_BA-01,CTATTCCA,CGAAGATT
N7F58S5R66_BA-01,CTATTCCA,CCAATTGG
N7F58S5R67_BA-01,CTATTCCA,ACCTCAGG
N7F58S5R68_BA-01,CTATTCCA,CGTCAGCC
N7F58S5R69_BA-01,CTATTCCA,AGACCATG
N7F58S5R70_BA-01,CTATTCCA,AAGCTATA
N7F58S5R71_BA-01,CTATTCCA,AAGAACCA
N7F58S5R72_BA-01,CTATTCCA,CAATTATC
N7F59S5R61_BA-01,GTTACCGG,TAATTCGG
N7F59S5R62_BA-01,GTTACCGG,GCATGGCG
N7F59S5R63_BA-01,GTTACCGG,AACGACGT
N7F59S5R64_BA-01,GTTACCGG,AATATCAT
N7F59S5R65_BA-01,GTTACCGG,CGAAGATT
N7F59S5R66_BA-01,GTTACCGG,CCAATTGG
N7F59S5R67_BA-01,GTTACCGG,ACCTCAGG
N7F59S5R68_BA-01,GTTACCGG,CGTCAGCC
N7F59S5R69_BA-01,GTTACCGG,AGACCATG
N7F59S5R70_BA-01,GTTACCGG,AAGCTATA
N7F59S5R71_BA-01,GTTACCGG,AAGAACCA
N7F59S5R72_BA-01,GTTACCGG,CAATTATC
N7F60S5R61_BA-01,CTGATGCG,TAATTCGG
N7F60S5R62_BA-01,CTGATGCG,GCATGGCG
N7F60S5R63_BA-01,CTGATGCG,AACGACGT
N7F60S5R64_BA-01,CTGATGCG,AATATCAT
N7F60S5R65_BA-01,CTGATGCG,CGAAGATT
N7F60S5R66_BA-01,CTGATGCG,CCAATTGG
N7F60S5R67_BA-01,CTGATGCG,ACCTCAGG
N7F60S5R68_BA-01,CTGATGCG,CGTCAGCC
N7F60S5R69_BA-01,CTGATGCG,AGACCATG
N7F60S5R70_BA-01,CTGATGCG,AAGCTATA
N7F60S5R71_BA-01,CTGATGCG,AAGAACCA
N7F60S5R72_BA-01,CTGATGCG,CAATTATC
N7F61S5R61_BA-01,TCTTATCT,TAATTCGG
N7F61S5R62_BA-01,TCTTATCT,GCATGGCG
N7F61S5R63_BA-01,TCTTATCT,AACGACGT
N7F61S5R64_BA-01,TCTTATCT,AATATCAT
N7F61S5R65_BA-01,TCTTATCT,CGAAGATT
N7F61S5R66_BA-01,TCTTATCT,CCAATTGG
N7F61S5R67_BA-01,TCTTATCT,ACCTCAGG
N7F61S5R68_BA-01,TCTTATCT,CGTCAGCC
N7F61S5R69_BA-01,TCTTATCT,AGACCATG
N7F61S5R70_BA-01,TCTTATCT,AAGCTATA
N7F61S5R71_BA-01,TCTTATCT,AAGAACCA
N7F61S5R72_BA-01,TCTTATCT,CAATTATC
N7F62S5R61_BA-01,GACTGCGT,TAATTCGG
N7F62S5R62_BA-01,GACTGCGT,GCATGGCG
N7F62S5R63_BA-01,GACTGCGT,AACGACGT
N7F62S5R64_BA-01,GACTGCGT,AATATCAT
N7F62S5R65_BA-01,GACTGCGT,CGAAGATT
N7F62S5R66_BA-01,GACTGCGT,CCAATTGG
N7F62S5R67_BA-01,GACTGCGT,ACCTCAGG
N7F62S5R68_BA-01,GACTGCGT,CGTCAGCC
N7F62S5R69_BA-01,GACTGCGT,AGACCATG
N7F62S5R70_BA-01,GACTGCGT,AAGCTATA
N7F62S5R71_BA-01,GACTGCGT,AAGAACCA
N7F62S5R72_BA-01,GACTGCGT,CAATTATC
N7F63S5R61_BA-01,CCGTTGAC,TAATTCGG
N7F63S5R62_BA-01,CCGTTGAC,GCATGGCG
N7F63S5R63_BA-01,CCGTTGAC,AACGACGT
N7F63S5R64_BA-01,CCGTTGAC,AATATCAT
N7F63S5R65_BA-01,CCGTTGAC,CGAAGATT
N7F63S5R66_BA-01,CCGTTGAC,CCAATTGG
N7F63S5R67_BA-01,CCGTTGAC,ACCTCAGG
N7F63S5R68_BA-01,CCGTTGAC,CGTCAGCC
N7F63S5R69_BA-01,CCGTTGAC,AGACCATG
N7F63S5R70_BA-01,CCGTTGAC,AAGCTATA
N7F63S5R71_BA-01,CCGTTGAC,AAGAACCA
N7F63S5R72_BA-01,CCGTTGAC,CAATTATC
N7F64S5R61_BA-01,ACCGGTAA,TAATTCGG
N7F64S5R62_BA-01,ACCGGTAA,GCATGGCG
N7F64S5R63_BA-01,ACCGGTAA,AACGACGT
N7F64S5R64_BA-01,ACCGGTAA,AATATCAT
N7F64S5R65_BA-01,ACCGGTAA,CGAAGATT
N7F64S5R66_BA-01,ACCGGTAA,CCAATTGG
N7F64S5R67_BA-01,ACCGGTAA,ACCTCAGG
N7F64S5R68_BA-01,ACCGGTAA,CGTCAGCC
N7F64S5R69_BA-01,ACCGGTAA,AGACCATG
N7F64S5R70_BA-01,ACCGGTAA,AAGCTATA
N7F64S5R71_BA-01,ACCGGTAA,AAGAACCA
N7F64S5R72_BA-01,ACCGGTAA,CAATTATC
N7F65S5R49_PD-03,ATTAGCAA,AACCAACG
N7F65S5R50_PD-03,ATTAGCAA,GGTTCGTA
N7F65S5R51_PD-03,ATTAGCAA,AGAACGCT
N7F65S5R52_PD-03,ATTAGCAA,GCCTCGAC
N7F65S5R53_PD-03,ATTAGCAA,CCTAATCT
N7F65S5R54_PD-03,ATTAGCAA,CATACCTC
N7F65S5R55_PD-03,ATTAGCAA,ACCGTCCA
N7F65S5R56_PD-03,ATTAGCAA,TGCGCGAG
N7F65S5R57_PD-03,ATTAGCAA,GTAACGAG
N7F65S5R58_PD-03,ATTAGCAA,TCCGGCGG
N7F65S5R59_PD-03,ATTAGCAA,CAATGCCT
N7F65S5R60_PD-03,ATTAGCAA,AACCGCAA
N7F66S5R49_PD-03,CGCCTATT,AACCAACG
N7F66S5R50_PD-03,CGCCTATT,GGTTCGTA
N7F66S5R51_PD-03,CGCCTATT,AGAACGCT
N7F66S5R52_PD-03,CGCCTATT,GCCTCGAC
N7F66S5R53_PD-03,CGCCTATT,CCTAATCT
N7F66S5R54_PD-03,CGCCTATT,CATACCTC
N7F66S5R55_PD-03,CGCCTATT,ACCGTCCA
N7F66S5R56_PD-03,CGCCTATT,TGCGCGAG
N7F66S5R57_PD-03,CGCCTATT,GTAACGAG
N7F66S5R58_PD-03,CGCCTATT,TCCGGCGG
N7F66S5R59_PD-03,CGCCTATT,CAATGCCT
N7F66S5R60_PD-03,CGCCTATT,AACCGCAA
N7F67S5R49_PD-03,AGCATAAC,AACCAACG
N7F67S5R50_PD-03,AGCATAAC,GGTTCGTA
N7F67S5R51_PD-03,AGCATAAC,AGAACGCT
N7F67S5R52_PD-03,AGCATAAC,GCCTCGAC
N7F67S5R53_PD-03,AGCATAAC,CCTAATCT
N7F67S5R54_PD-03,AGCATAAC,CATACCTC
N7F67S5R55_PD-03,AGCATAAC,ACCGTCCA
N7F67S5R56_PD-03,AGCATAAC,TGCGCGAG
N7F67S5R57_PD-03,AGCATAAC,GTAACGAG
N7F67S5R58_PD-03,AGCATAAC,TCCGGCGG
N7F67S5R59_PD-03,AGCATAAC,CAATGCCT
N7F67S5R60_PD-03,AGCATAAC,AACCGCAA
N7F68S5R49_PD-03,AAGACTCT,AACCAACG
N7F68S5R50_PD-03,AAGACTCT,GGTTCGTA
N7F68S5R51_PD-03,AAGACTCT,AGAACGCT
N7F68S5R52_PD-03,AAGACTCT,GCCTCGAC
N7F68S5R53_PD-03,AAGACTCT,CCTAATCT
N7F68S5R54_PD-03,AAGACTCT,CATACCTC
N7F68S5R55_PD-03,AAGACTCT,ACCGTCCA
N7F68S5R56_PD-03,AAGACTCT,TGCGCGAG
N7F68S5R57_PD-03,AAGACTCT,GTAACGAG
N7F68S5R58_PD-03,AAGACTCT,TCCGGCGG
N7F68S5R59_PD-03,AAGACTCT,CAATGCCT
N7F68S5R60_PD-03,AAGACTCT,AACCGCAA
N7F69S5R49_PD-03,CTACGTCC,AACCAACG
N7F69S5R50_PD-03,CTACGTCC,GGTTCGTA
N7F69S5R51_PD-03,CTACGTCC,AGAACGCT
N7F69S5R52_PD-03,CTACGTCC,GCCTCGAC
N7F69S5R53_PD-03,CTACGTCC,CCTAATCT
N7F69S5R54_PD-03,CTACGTCC,CATACCTC
N7F69S5R55_PD-03,CTACGTCC,ACCGTCCA
N7F69S5R56_PD-03,CTACGTCC,TGCGCGAG
N7F69S5R57_PD-03,CTACGTCC,GTAACGAG
N7F69S5R58_PD-03,CTACGTCC,TCCGGCGG
N7F69S5R59_PD-03,CTACGTCC,CAATGCCT
N7F69S5R60_PD-03,CTACGTCC,AACCGCAA
N7F70S5R49_PD-03,AGGCGCCT,AACCAACG
N7F70S5R50_PD-03,AGGCGCCT,GGTTCGTA
N7F70S5R51_PD-03,AGGCGCCT,AGAACGCT
N7F70S5R52_PD-03,AGGCGCCT,GCCTCGAC
N7F70S5R53_PD-03,AGGCGCCT,CCTAATCT
N7F70S5R54_PD-03,AGGCGCCT,CATACCTC
N7F70S5R55_PD-03,AGGCGCCT,ACCGTCCA
N7F70S5R56_PD-03,AGGCGCCT,TGCGCGAG
N7F70S5R57_PD-03,AGGCGCCT,GTAACGAG
N7F70S5R58_PD-03,AGGCGCCT,TCCGGCGG
N7F70S5R59_PD-03,AGGCGCCT,CAATGCCT
N7F70S5R60_PD-03,AGGCGCCT,AACCGCAA
N7F71S5R49_PD-03,CAAGCTGC,AACCAACG
N7F71S5R50_PD-03,CAAGCTGC,GGTTCGTA
N7F71S5R51_PD-03,CAAGCTGC,AGAACGCT
N7F71S5R52_PD-03,CAAGCTGC,GCCTCGAC
N7F71S5R53_PD-03,CAAGCTGC,CCTAATCT
N7F71S5R54_PD-03,CAAGCTGC,CATACCTC
N7F71S5R55_PD-03,CAAGCTGC,ACCGTCCA
N7F71S5R56_PD-03,CAAGCTGC,TGCGCGAG
N7F71S5R57_PD-03,CAAGCTGC,GTAACGAG
N7F71S5R58_PD-03,CAAGCTGC,TCCGGCGG
N7F71S5R59_PD-03,CAAGCTGC,CAATGCCT
N7F71S5R60_PD-03,CAAGCTGC,AACCGCAA
N7F72S5R49_PD-03,CGAGATAG,AACCAACG
N7F72S5R50_PD-03,CGAGATAG,GGTTCGTA
N7F72S5R51_PD-03,CGAGATAG,AGAACGCT
N7F72S5R52_PD-03,CGAGATAG,GCCTCGAC
N7F72S5R53_PD-03,CGAGATAG,CCTAATCT
N7F72S5R54_PD-03,CGAGATAG,CATACCTC
N7F72S5R55_PD-03,CGAGATAG,ACCGTCCA
N7F72S5R56_PD-03,CGAGATAG,TGCGCGAG
N7F72S5R57_PD-03,CGAGATAG,GTAACGAG
N7F72S5R58_PD-03,CGAGATAG,TCCGGCGG
N7F72S5R59_PD-03,CGAGATAG,CAATGCCT
N7F72S5R60_PD-03,CGAGATAG,AACCGCAA
N7F65S5R61_LAC-06,ATTAGCAA,TAATTCGG
N7F65S5R62_LAC-06,ATTAGCAA,GCATGGCG
N7F65S5R63_LAC-06,ATTAGCAA,AACGACGT
N7F65S5R64_LAC-06,ATTAGCAA,AATATCAT
N7F65S5R65_LAC-06,ATTAGCAA,CGAAGATT
N7F65S5R66_LAC-06,ATTAGCAA,CCAATTGG
N7F65S5R67_LAC-06,ATTAGCAA,ACCTCAGG
N7F65S5R68_LAC-06,ATTAGCAA,CGTCAGCC
N7F65S5R69_LAC-06,ATTAGCAA,AGACCATG
N7F65S5R70_LAC-06,ATTAGCAA,AAGCTATA
N7F65S5R71_LAC-06,ATTAGCAA,AAGAACCA
N7F65S5R72_LAC-06,ATTAGCAA,CAATTATC
N7F66S5R61_LAC-06,CGCCTATT,TAATTCGG
N7F66S5R62_LAC-06,CGCCTATT,GCATGGCG
N7F66S5R63_LAC-06,CGCCTATT,AACGACGT
N7F66S5R64_LAC-06,CGCCTATT,AATATCAT
N7F66S5R65_LAC-06,CGCCTATT,CGAAGATT
N7F66S5R66_LAC-06,CGCCTATT,CCAATTGG
N7F66S5R67_LAC-06,CGCCTATT,ACCTCAGG
N7F66S5R68_LAC-06,CGCCTATT,CGTCAGCC
N7F66S5R69_LAC-06,CGCCTATT,AGACCATG
N7F66S5R70_LAC-06,CGCCTATT,AAGCTATA
N7F66S5R71_LAC-06,CGCCTATT,AAGAACCA
N7F66S5R72_LAC-06,CGCCTATT,CAATTATC
N7F67S5R61_LAC-06,AGCATAAC,TAATTCGG
N7F67S5R62_LAC-06,AGCATAAC,GCATGGCG
N7F67S5R63_LAC-06,AGCATAAC,AACGACGT
N7F67S5R64_LAC-06,AGCATAAC,AATATCAT
N7F67S5R65_LAC-06,AGCATAAC,CGAAGATT
N7F67S5R66_LAC-06,AGCATAAC,CCAATTGG
N7F67S5R67_LAC-06,AGCATAAC,ACCTCAGG
N7F67S5R68_LAC-06,AGCATAAC,CGTCAGCC
N7F67S5R69_LAC-06,AGCATAAC,AGACCATG
N7F67S5R70_LAC-06,AGCATAAC,AAGCTATA
N7F67S5R71_LAC-06,AGCATAAC,AAGAACCA
N7F67S5R72_LAC-06,AGCATAAC,CAATTATC
N7F68S5R61_LAC-06,AAGACTCT,TAATTCGG
N7F68S5R62_LAC-06,AAGACTCT,GCATGGCG
N7F68S5R63_LAC-06,AAGACTCT,AACGACGT
N7F68S5R64_LAC-06,AAGACTCT,AATATCAT
N7F68S5R65_LAC-06,AAGACTCT,CGAAGATT
N7F68S5R66_LAC-06,AAGACTCT,CCAATTGG
N7F68S5R67_LAC-06,AAGACTCT,ACCTCAGG
N7F68S5R68_LAC-06,AAGACTCT,CGTCAGCC
N7F68S5R69_LAC-06,AAGACTCT,AGACCATG
N7F68S5R70_LAC-06,AAGACTCT,AAGCTATA
N7F68S5R71_LAC-06,AAGACTCT,AAGAACCA
N7F68S5R72_LAC-06,AAGACTCT,CAATTATC
N7F69S5R61_LAC-06,CTACGTCC,TAATTCGG
N7F69S5R62_LAC-06,CTACGTCC,GCATGGCG
N7F69S5R63_LAC-06,CTACGTCC,AACGACGT
N7F69S5R64_LAC-06,CTACGTCC,AATATCAT
N7F69S5R65_LAC-06,CTACGTCC,CGAAGATT
N7F69S5R66_LAC-06,CTACGTCC,CCAATTGG
N7F69S5R67_LAC-06,CTACGTCC,ACCTCAGG
N7F69S5R68_LAC-06,CTACGTCC,CGTCAGCC
N7F69S5R69_LAC-06,CTACGTCC,AGACCATG
N7F69S5R70_LAC-06,CTACGTCC,AAGCTATA
N7F69S5R71_LAC-06,CTACGTCC,AAGAACCA
N7F69S5R72_LAC-06,CTACGTCC,CAATTATC
N7F70S5R61_LAC-06,AGGCGCCT,TAATTCGG
N7F70S5R62_LAC-06,AGGCGCCT,GCATGGCG
N7F70S5R63_LAC-06,AGGCGCCT,AACGACGT
N7F70S5R64_LAC-06,AGGCGCCT,AATATCAT
N7F70S5R65_LAC-06,AGGCGCCT,CGAAGATT
N7F70S5R66_LAC-06,AGGCGCCT,CCAATTGG
N7F70S5R67_LAC-06,AGGCGCCT,ACCTCAGG
N7F70S5R68_LAC-06,AGGCGCCT,CGTCAGCC
N7F70S5R69_LAC-06,AGGCGCCT,AGACCATG
N7F70S5R70_LAC-06,AGGCGCCT,AAGCTATA
N7F70S5R71_LAC-06,AGGCGCCT,AAGAACCA
N7F70S5R72_LAC-06,AGGCGCCT,CAATTATC
N7F71S5R61_LAC-06,CAAGCTGC,TAATTCGG
N7F71S5R62_LAC-06,CAAGCTGC,GCATGGCG
N7F71S5R63_LAC-06,CAAGCTGC,AACGACGT
N7F71S5R64_LAC-06,CAAGCTGC,AATATCAT
N7F71S5R65_LAC-06,CAAGCTGC,CGAAGATT
N7F71S5R66_LAC-06,CAAGCTGC,CCAATTGG
N7F71S5R67_LAC-06,CAAGCTGC,ACCTCAGG
N7F71S5R68_LAC-06,CAAGCTGC,CGTCAGCC
N7F71S5R69_LAC-06,CAAGCTGC,AGACCATG
N7F71S5R70_LAC-06,CAAGCTGC,AAGCTATA
N7F71S5R71_LAC-06,CAAGCTGC,AAGAACCA
N7F71S5R72_LAC-06,CAAGCTGC,CAATTATC
N7F72S5R61_LAC-06,CGAGATAG,TAATTCGG
N7F72S5R62_LAC-06,CGAGATAG,GCATGGCG
N7F72S5R63_LAC-06,CGAGATAG,AACGACGT
N7F72S5R64_LAC-06,CGAGATAG,AATATCAT
N7F72S5R65_LAC-06,CGAGATAG,CGAAGATT
N7F72S5R66_LAC-06,CGAGATAG,CCAATTGG
N7F72S5R67_LAC-06,CGAGATAG,ACCTCAGG
N7F72S5R68_LAC-06,CGAGATAG,CGTCAGCC
N7F72S5R69_LAC-06,CGAGATAG,AGACCATG
N7F72S5R70_LAC-06,CGAGATAG,AAGCTATA
N7F72S5R71_LAC-06,CGAGATAG,AAGAACCA
N7F72S5R72_LAC-06,CGAGATAG,CAATTATC
N7F61S5R33_TEST-01,TCTTATCT,ACGATCGC
N7F61S5R34_TEST-01,TCTTATCT,GATGCCAG
N7F61S5R35_TEST-01,TCTTATCT,CAACGGAC
N7F61S5R36_TEST-01,TCTTATCT,CGCAAGGT
N7F62S5R33_TEST-01,GACTGCGT,ACGATCGC
N7F62S5R34_TEST-01,GACTGCGT,GATGCCAG
N7F62S5R35_TEST-01,GACTGCGT,CAACGGAC
N7F62S5R36_TEST-01,GACTGCGT,CGCAAGGT
N7F63S5R33_TEST-01,CCGTTGAC,ACGATCGC
N7F63S5R34_TEST-01,CCGTTGAC,GATGCCAG
N7F63S5R35_TEST-01,CCGTTGAC,CAACGGAC
N7F63S5R36_TEST-01,CCGTTGAC,CGCAAGGT
N7F64S5R33_TEST-01,ACCGGTAA,ACGATCGC
N7F64S5R34_TEST-01,ACCGGTAA,GATGCCAG
N7F64S5R35_TEST-01,ACCGGTAA,CAACGGAC
N7F64S5R36_TEST-01,ACCGGTAA,CGCAAGGT
N7F33S5R45_TEST-02,AATTACTA,AGCAACTC
N7F33S5R46_TEST-02,AATTACTA,GTCTAACC
N7F33S5R47_TEST-02,AATTACTA,AAGTCCTG
N7F33S5R48_TEST-02,AATTACTA,CATTCTAA
N7F34S5R45_TEST-02,TCCTTCAA,AGCAACTC
N7F34S5R46_TEST-02,TCCTTCAA,GTCTAACC
N7F34S5R47_TEST-02,TCCTTCAA,AAGTCCTG
N7F34S5R48_TEST-02,TCCTTCAA,CATTCTAA
N7F35S5R45_TEST-02,ATACTGCT,AGCAACTC
N7F35S5R46_TEST-02,ATACTGCT,GTCTAACC
N7F35S5R47_TEST-02,ATACTGCT,AAGTCCTG
N7F35S5R48_TEST-02,ATACTGCT,CATTCTAA
N7F36S5R45_TEST-02,GCGTATGG,AGCAACTC
N7F36S5R46_TEST-02,GCGTATGG,GTCTAACC
N7F36S5R47_TEST-02,GCGTATGG,AAGTCCTG
N7F36S5R48_TEST-02,GCGTATGG,CATTCTAA
N7F17S5R41_TEST-03,AGTAATAT,GGTCAAGT
N7F17S5R42_TEST-03,AGTAATAT,CGGCTCTC
N7F17S5R43_TEST-03,AGTAATAT,AATCCGTT
N7F17S5R44_TEST-03,AGTAATAT,CTCGTATT
N7F18S5R41_TEST-03,AGCCAGAA,GGTCAAGT
N7F18S5R42_TEST-03,AGCCAGAA,CGGCTCTC
N7F18S5R43_TEST-03,AGCCAGAA,AATCCGTT
N7F18S5R44_TEST-03,AGCCAGAA,CTCGTATT
N7F19S5R41_TEST-03,GCCAGGTT,GGTCAAGT
N7F19S5R42_TEST-03,GCCAGGTT,CGGCTCTC
N7F19S5R43_TEST-03,GCCAGGTT,AATCCGTT
N7F19S5R44_TEST-03,GCCAGGTT,CTCGTATT
N7F20S5R41_TEST-03,AAGTAACG,GGTCAAGT
N7F20S5R42_TEST-03,AAGTAACG,CGGCTCTC
N7F20S5R43_TEST-03,AAGTAACG,AATCCGTT
N7F20S5R44_TEST-03,AAGTAACG,CTCGTATT
N7F17S5R29_TEST-04,AGTAATAT,AGAAGCGG
N7F17S5R30_TEST-04,AGTAATAT,CAAGTCAA
N7F17S5R31_TEST-04,AGTAATAT,ACGTTGAT
N7F17S5R32_TEST-04,AGTAATAT,AGTATGGA
N7F18S5R29_TEST-04,AGCCAGAA,AGAAGCGG
N7F18S5R30_TEST-04,AGCCAGAA,CAAGTCAA
N7F18S5R31_TEST-04,AGCCAGAA,ACGTTGAT
N7F18S5R32_TEST-04,AGCCAGAA,AGTATGGA
N7F19S5R29_TEST-04,GCCAGGTT,AGAAGCGG
N7F19S5R30_TEST-04,GCCAGGTT,CAAGTCAA
N7F19S5R31_TEST-04,GCCAGGTT,ACGTTGAT
N7F19S5R32_TEST-04,GCCAGGTT,AGTATGGA
N7F20S5R29_TEST-04,AAGTAACG,AGAAGCGG
N7F20S5R30_TEST-04,AAGTAACG,CAAGTCAA
N7F20S5R31_TEST-04,AAGTAACG,ACGTTGAT
N7F20S5R32_TEST-04,AAGTAACG,AGTATGGA
N7F41S5R05_TEST-05,ATGGTTGG,CTGAGACG
N7F41S5R06_TEST-05,ATGGTTGG,CGCTCAAT
N7F41S5R07_TEST-05,ATGGTTGG,GCGAGTTC
N7F41S5R08_TEST-05,ATGGTTGG,AACTCTCT
N7F42S5R05_TEST-05,TTCCTCGG,CTGAGACG
N7F42S5R06_TEST-05,TTCCTCGG,CGCTCAAT
N7F42S5R07_TEST-05,TTCCTCGG,GCGAGTTC
N7F42S5R08_TEST-05,TTCCTCGG,AACTCTCT
N7F43S5R05_TEST-05,CGGAGATG,CTGAGACG
N7F43S5R06_TEST-05,CGGAGATG,CGCTCAAT
N7F43S5R07_TEST-05,CGGAGATG,GCGAGTTC
N7F43S5R08_TEST-05,CGGAGATG,AACTCTCT
N7F44S5R05_TEST-05,AACTCTTG,CTGAGACG
N7F44S5R06_TEST-05,AACTCTTG,CGCTCAAT
N7F44S5R07_TEST-05,AACTCTTG,GCGAGTTC
N7F44S5R08_TEST-05,AACTCTTG,AACTCTCT
N7F09S5R45_TEST-06,AGAAGGCG,AGCAACTC
N7F09S5R46_TEST-06,AGAAGGCG,GTCTAACC
N7F09S5R47_TEST-06,AGAAGGCG,AAGTCCTG
N7F09S5R48_TEST-06,AGAAGGCG,CATTCTAA
N7F10S5R45_TEST-06,CTTCATAA,AGCAACTC
N7F10S5R46_TEST-06,CTTCATAA,GTCTAACC
N7F10S5R47_TEST-06,CTTCATAA,AAGTCCTG
N7F10S5R48_TEST-06,CTTCATAA,CATTCTAA
N7F11S5R45_TEST-06,ACCGCAGC,AGCAACTC
N7F11S5R46_TEST-06,ACCGCAGC,GTCTAACC
N7F11S5R47_TEST-06,ACCGCAGC,AAGTCCTG
N7F11S5R48_TEST-06,ACCGCAGC,CATTCTAA
N7F12S5R45_TEST-06,ATTCCTGC,AGCAACTC
N7F12S5R46_TEST-06,ATTCCTGC,GTCTAACC
N7F12S5R47_TEST-06,ATTCCTGC,AAGTCCTG
N7F12S5R48_TEST-06,ATTCCTGC,CATTCTAA
